"ID","MW1","MVAr1","MW2","MVAr2","InService","SETelemMW1","SETelemMVAr1","SETelemMW2","SETelemMVAr2","SESigmaMW1","SESigmaMVAr1","SESigmaMW2","SESigmaMVAr2"
"tx2-1004-1003-1:wnd1",-25.619728,7.8588486,25.650799,-7.059002,true,true,true,true,true,1.0,1.0,1.0,1.0
"tx2-1006-1005-1:wnd1",28.409594,3.6624908,-28.360287,-2.4578571,true,true,true,true,true,1.0,1.0,1.0,1.0
"tx2-1009-1008-1:wnd1",21.35117,-4.914856,-21.330172,5.3518295,true,true,true,true,true,1.0,1.0,1.0,1.0
"tx2-1011-1010-1:wnd1",2.5880163,2.3841858E-5,-2.5875628,0.020384789,true,true,true,true,true,1.0,1.0,1.0,1.0
"tx2-1021-1020-1:wnd1",165.23956,6.698704,-164.34525,14.666367,true,true,true,true,true,1.0,1.0,1.0,1.0
"tx2-1023-1022-1:wnd1",149.08826,0.56762695,-147.92252,24.997902,true,true,true,true,true,1.0,1.0,1.0,1.0
"tx2-1026-1025-1:wnd1",102.871,7.5475693,-102.42415,11.652279,true,true,true,true,true,1.0,1.0,1.0,1.0
"tx2-1033-1032-1:wnd1",-14.035791,-6.908989,14.042622,7.072258,true,true,true,true,true,1.0,1.0,1.0,1.0
"tx2-1035-1034-1:wnd1",74.54413,3.0899048,-74.300316,1.6392708,true,true,true,true,true,1.0,1.0,1.0,1.0
"tx2-1039-1038-1:wnd1",38.17337,-17.539024,-38.13808,19.047546,true,true,true,true,true,1.0,1.0,1.0,1.0
"tx2-1042-1041-1:wnd1",2.9802322E-6,0.0,2.9802322E-6,0.0,true,true,true,true,true,1.0,1.0,1.0,1.0
"tx2-1043-1041-1:wnd1",48.70221,7.0798397,-48.62955,-3.9690495,true,true,true,true,true,1.0,1.0,1.0,1.0
"tx2-1048-1047-1:wnd1",0.0,9.536743E-5,0.0,9.536743E-5,true,true,true,true,true,1.0,1.0,1.0,1.0
"tx2-1049-1047-1:wnd1",0.0,0.0,0.0,0.0,true,true,true,true,true,1.0,1.0,1.0,1.0
"tx2-1050-1047-1:wnd1",89.39772,-0.09307861,-89.14757,8.038044,true,true,true,true,true,1.0,1.0,1.0,1.0
"tx2-1051-1047-1:wnd1",89.39772,0.26245117,-88.950165,9.991312,true,true,true,true,true,1.0,1.0,1.0,1.0
"tx2-1052-1047-1:wnd1",89.397766,-2.1849632,-89.10349,8.790302,true,true,true,true,true,1.0,1.0,1.0,1.0
"tx2-1053-1047-1:wnd1",-57.245583,7.522583,57.321453,-4.6170235,true,true,true,true,true,1.0,1.0,1.0,1.0
"tx2-1057-1056-1:wnd1",0.0,4.7683716E-5,0.0,4.7683716E-5,true,true,true,true,true,1.0,1.0,1.0,1.0
"tx2-1059-1058-1:wnd1",0.0,0.0,0.0,0.0,true,true,true,true,true,1.0,1.0,1.0,1.0
"tx2-1060-1058-1:wnd1",7.4505806E-7,2.3841858E-5,-7.4505806E-7,-4.7683716E-5,true,true,true,true,true,1.0,1.0,1.0,1.0
"tx2-1062-1061-1:wnd1",0.0,0.0,0.0,0.0,true,true,true,true,true,1.0,1.0,1.0,1.0
"tx2-1063-1061-1:wnd1",-5.9604645E-6,-9.536743E-5,0.0,0.0,true,true,true,true,true,1.0,1.0,1.0,1.0
"tx2-1066-1065-1:wnd1",94.084984,6.7139626,-93.63301,4.2426586,true,true,true,true,true,1.0,1.0,1.0,1.0
"tx2-1070-1069-1:wnd1",41.53776,17.483616,-41.48199,-16.169357,true,true,true,true,true,1.0,1.0,1.0,1.0
"tx2-1072-1071-1:wnd1",57.740116,12.46357,-57.55918,-9.538746,true,true,true,true,true,1.0,1.0,1.0,1.0
"tx2-1073-1071-1:wnd1",57.74015,9.10778,-57.57301,-4.333496,true,true,true,true,true,1.0,1.0,1.0,1.0
"tx2-1074-1071-1:wnd1",57.74015,9.4304085,-57.54722,-5.251932,true,true,true,true,true,1.0,1.0,1.0,1.0
"tx2-1075-1071-1:wnd1",57.740124,12.038803,-57.61292,-8.640003,true,true,true,true,true,1.0,1.0,1.0,1.0
"tx2-1076-1071-1:wnd1",0.0,0.0,0.0,0.0,true,true,true,true,true,1.0,1.0,1.0,1.0
"tx2-1077-1071-1:wnd1",-5.9604645E-6,0.0,0.0,0.0,true,true,true,true,true,1.0,1.0,1.0,1.0
"tx2-1078-1071-1:wnd1",28.699785,6.533766,-28.654522,-4.9128532,true,true,true,true,true,1.0,1.0,1.0,1.0
"tx2-1079-1071-1:wnd1",-190.72696,45.52746,190.77556,-28.333664,true,true,true,true,true,1.0,1.0,1.0,1.0
"tx2-1080-1071-1:wnd1",28.69977,5.294895,-28.599087,-3.6077023,true,true,true,true,true,1.0,1.0,1.0,1.0
"tx2-1081-1071-1:wnd1",129.03862,13.507271,-128.76031,-2.4251938,true,true,true,true,true,1.0,1.0,1.0,1.0
"tx2-2003-2002-1:wnd1",-150.39088,-3.8433075,150.45763,8.26149,true,true,true,true,true,1.0,1.0,1.0,1.0
"tx2-2004-2002-1:wnd1",0.0,7.6293945E-4,0.0,7.6293945E-4,true,true,true,true,true,1.0,1.0,1.0,1.0
"tx2-2005-2002-1:wnd1",0.0,3.8146973E-4,0.0,3.8146973E-4,true,true,true,true,true,1.0,1.0,1.0,1.0
"tx2-2006-2002-1:wnd1",5.9604645E-6,0.0,5.9604645E-6,0.0,true,true,true,true,true,1.0,1.0,1.0,1.0
"tx2-2012-2011-1:wnd1",137.21802,-29.058456,-137.14095,35.27031,true,true,true,true,true,1.0,1.0,1.0,1.0
"tx2-2013-2011-1:wnd1",114.40536,-28.890228,-114.35227,32.46727,true,true,true,true,true,1.0,1.0,1.0,1.0
"tx2-2018-2017-1:wnd1",31.755703,-10.387802,-31.750977,10.885048,true,true,true,true,true,1.0,1.0,1.0,1.0
"tx2-2019-2017-1:wnd1",0.0,-7.6293945E-4,0.0,-7.6293945E-4,true,true,true,true,true,1.0,1.0,1.0,1.0
"tx2-2022-2021-1:wnd1",-147.3346,-8.932877,147.40688,12.94632,true,true,true,true,true,1.0,1.0,1.0,1.0
"tx2-2023-2021-1:wnd1",83.32788,15.023041,-83.29069,-12.6766205,true,true,true,true,true,1.0,1.0,1.0,1.0
"tx2-2024-2021-1:wnd1",166.6656,22.143936,-166.5678,-15.555191,true,true,true,true,true,1.0,1.0,1.0,1.0
"tx2-2042-2041-1:wnd1",65.93005,-11.289883,-65.8429,14.455509,true,true,true,true,true,1.0,1.0,1.0,1.0
"tx2-2055-2054-1:wnd1",-171.74962,-24.324036,171.79825,26.579285,true,true,true,true,true,1.0,1.0,1.0,1.0
"tx2-2055-2054-2:wnd1",-171.74962,-24.324036,171.79825,26.579285,true,true,true,true,true,1.0,1.0,1.0,1.0
"tx2-2056-2054-1:wnd1",0.0,0.0,0.0,0.0,true,true,true,true,true,1.0,1.0,1.0,1.0
"tx2-2057-2054-1:wnd1",596.4651,-43.330383,-595.55286,91.53595,true,true,true,true,true,1.0,1.0,1.0,1.0
"tx2-2059-2058-1:wnd1",66.26131,-11.5201,-66.04188,15.641212,true,true,true,true,true,1.0,1.0,1.0,1.0
"tx2-2062-2061-1:wnd1",112.147415,10.886765,-111.95219,-5.880356,true,true,true,true,true,1.0,1.0,1.0,1.0
"tx2-2071-2070-1:wnd1",83.795525,-0.03566742,-83.70495,4.04377,true,true,true,true,true,1.0,1.0,1.0,1.0
"tx2-2074-2073-1:wnd1",59.97571,-21.526718,-59.88475,23.332405,true,true,true,true,true,1.0,1.0,1.0,1.0
"tx2-2076-2073-1:wnd1",24.848063,-0.7317543,-24.827082,1.17836,true,true,true,true,true,1.0,1.0,1.0,1.0
"tx2-2078-2077-1:wnd1",93.18012,11.766815,-93.00565,-5.5392265,true,true,true,true,true,1.0,1.0,1.0,1.0
"tx2-2083-2082-1:wnd1",19.99946,6.9351196,-19.981644,-6.299448,true,true,true,true,true,1.0,1.0,1.0,1.0
"tx2-2084-2082-1:wnd1",0.0,4.7683716E-5,-1.4901161E-6,-4.7683716E-5,true,true,true,true,true,1.0,1.0,1.0,1.0
"tx2-2085-2082-1:wnd1",0.0,0.0,-2.9802322E-6,-9.536743E-5,true,true,true,true,true,1.0,1.0,1.0,1.0
"tx2-2089-2088-1:wnd1",55.990982,1.3515472,-55.90974,2.5374413,true,true,true,true,true,1.0,1.0,1.0,1.0
"tx2-2094-2093-1:wnd1",-1.4901161E-6,-9.536743E-5,1.4901161E-6,9.536743E-5,true,true,true,true,true,1.0,1.0,1.0,1.0
"tx2-2095-2093-1:wnd1",-5.9604645E-6,-1.9073486E-4,1.1920929E-5,1.9073486E-4,true,true,true,true,true,1.0,1.0,1.0,1.0
"tx2-2097-2096-1:wnd1",132.8248,-67.1402,-132.80101,68.585205,true,true,true,true,true,1.0,1.0,1.0,1.0
"tx2-2099-2096-1:wnd1",8.282672,-1.4400482,-8.282482,1.4614105,true,true,true,true,true,1.0,1.0,1.0,1.0
"tx2-2100-2096-1:wnd1",124.23992,-21.59996,-124.13228,27.679443,true,true,true,true,true,1.0,1.0,1.0,1.0
"tx2-2098-2097-1:wnd1",-39.221,-3.759861,39.24675,5.6319237,true,true,true,true,true,1.0,1.0,1.0,1.0
"tx2-2102-2101-1:wnd1",-201.75381,-18.778229,201.80655,22.492981,true,true,true,true,true,1.0,1.0,1.0,1.0
"tx2-2103-2101-1:wnd1",0.0,0.0,0.0,0.0,true,true,true,true,true,1.0,1.0,1.0,1.0
"tx2-2104-2101-1:wnd1",5.9604645E-6,-3.8146973E-4,5.9604645E-6,-3.8146973E-4,true,true,true,true,true,1.0,1.0,1.0,1.0
"tx2-2105-2101-1:wnd1",0.0,0.0,0.0,0.0,true,true,true,true,true,1.0,1.0,1.0,1.0
"tx2-2114-2113-1:wnd1",-190.36603,-14.063263,190.41217,17.488098,true,true,true,true,true,1.0,1.0,1.0,1.0
"tx2-2115-2113-1:wnd1",55.5063,-20.498276,-55.47973,21.825027,true,true,true,true,true,1.0,1.0,1.0,1.0
"tx2-2116-2113-1:wnd1",55.506252,-20.429993,-55.49702,21.115875,true,true,true,true,true,1.0,1.0,1.0,1.0
"tx2-2117-2113-1:wnd1",55.50623,-20.499802,-55.491352,22.039986,true,true,true,true,true,1.0,1.0,1.0,1.0
"tx2-2118-2113-1:wnd1",55.50622,-20.499039,-55.484028,22.208595,true,true,true,true,true,1.0,1.0,1.0,1.0
"tx2-2119-2113-1:wnd1",55.506195,-20.498657,-55.494534,21.334839,true,true,true,true,true,1.0,1.0,1.0,1.0
"tx2-2120-2113-1:wnd1",55.506157,-10.307121,-55.484295,11.786842,true,true,true,true,true,1.0,1.0,1.0,1.0
"tx2-2128-2127-1:wnd1",50.02911,-15.436554,-50.01303,16.956902,true,true,true,true,true,1.0,1.0,1.0,1.0
"tx2-2131-2130-1:wnd1",53.007973,-9.502888,-52.955116,11.789036,true,true,true,true,true,1.0,1.0,1.0,1.0
"tx2-3002-3001-1:wnd1",-51.510136,-12.946415,51.540195,14.9700165,true,true,true,true,true,1.0,1.0,1.0,1.0
"tx2-3002-3001-2:wnd1",-51.510136,-12.946415,51.540195,14.9700165,true,true,true,true,true,1.0,1.0,1.0,1.0
"tx2-3004-3003-1:wnd1",31.06006,-2.9227257,-31.029173,3.8861275,true,true,true,true,true,1.0,1.0,1.0,1.0
"tx2-3017-3016-1:wnd1",133.59053,14.970684,-133.25574,-2.0799637,true,true,true,true,true,1.0,1.0,1.0,1.0
"tx2-3019-3018-1:wnd1",-55.977642,-7.6652527,55.99427,8.9120865,true,true,true,true,true,1.0,1.0,1.0,1.0
"tx2-3019-3018-2:wnd1",-55.97942,-7.6509476,55.99637,8.897591,true,true,true,true,true,1.0,1.0,1.0,1.0
"tx2-3020-3018-1:wnd1",38.820457,6.2005043,-38.80018,-5.1670074,true,true,true,true,true,1.0,1.0,1.0,1.0
"tx2-3027-3026-1:wnd1",3.477472,-13.978004,-3.4720228,14.2169,true,true,true,true,true,1.0,1.0,1.0,1.0
"tx2-3028-3026-1:wnd1",132.20454,25.834465,-132.11995,-20.147133,true,true,true,true,true,1.0,1.0,1.0,1.0
"tx2-3034-3033-1:wnd1",98.70294,18.770123,-98.138695,-2.403307,true,true,true,true,true,1.0,1.0,1.0,1.0
"tx2-3038-3037-1:wnd1",55.499413,-6.392336,-55.37152,11.436224,true,true,true,true,true,1.0,1.0,1.0,1.0
"tx2-3039-3037-1:wnd1",173.10805,35.762787,-172.95604,-26.586533,true,true,true,true,true,1.0,1.0,1.0,1.0
"tx2-3042-3041-1:wnd1",86.242165,1.5622139,-86.00021,12.372065,true,true,true,true,true,1.0,1.0,1.0,1.0
"tx2-3043-3041-1:wnd1",7.4505806E-7,0.0,7.4505806E-7,0.0,true,true,true,true,true,1.0,1.0,1.0,1.0
"tx2-3044-3041-1:wnd1",1.4901161E-6,0.0,1.4901161E-6,0.0,true,true,true,true,true,1.0,1.0,1.0,1.0
"tx2-3045-3041-1:wnd1",2.9802322E-6,0.0,2.9802322E-6,0.0,true,true,true,true,true,1.0,1.0,1.0,1.0
"tx2-3047-3046-1:wnd1",177.26181,26.823854,-176.18854,18.082571,true,true,true,true,true,1.0,1.0,1.0,1.0
"tx2-3048-3046-1:wnd1",-755.1802,154.66919,756.7556,-61.30829,true,true,true,true,true,1.0,1.0,1.0,1.0
"tx2-3048-3046-2:wnd1",-755.1802,154.66919,756.7556,-61.30829,true,true,true,true,true,1.0,1.0,1.0,1.0
"tx2-3051-3050-1:wnd1",-49.858643,-8.359623,49.89704,10.721016,true,true,true,true,true,1.0,1.0,1.0,1.0
"tx2-3051-3050-2:wnd1",-49.858643,-8.359623,49.89704,10.721016,true,true,true,true,true,1.0,1.0,1.0,1.0
"tx2-3054-3053-1:wnd1",13.168925,-11.17053,-13.15621,11.672115,true,true,true,true,true,1.0,1.0,1.0,1.0
"tx2-3055-3053-1:wnd1",203.06664,35.07614,-202.80283,-23.128891,true,true,true,true,true,1.0,1.0,1.0,1.0
"tx2-3056-3053-1:wnd1",203.06654,44.29722,-202.6659,-21.795845,true,true,true,true,true,1.0,1.0,1.0,1.0
"tx2-3057-3053-1:wnd1",203.06654,43.763542,-202.45255,-21.95549,true,true,true,true,true,1.0,1.0,1.0,1.0
"tx2-3059-3058-1:wnd1",69.75159,-13.413048,-69.66097,20.284891,true,true,true,true,true,1.0,1.0,1.0,1.0
"tx2-3060-3058-1:wnd1",137.18608,28.704357,-136.81377,-8.000183,true,true,true,true,true,1.0,1.0,1.0,1.0
"tx2-3061-3058-1:wnd1",137.18602,29.167366,-136.94406,-14.246178,true,true,true,true,true,1.0,1.0,1.0,1.0
"tx2-3062-3058-1:wnd1",137.18613,21.531105,-136.97533,-13.991165,true,true,true,true,true,1.0,1.0,1.0,1.0
"tx2-3063-3058-1:wnd1",137.18605,25.925827,-136.89436,-15.194321,true,true,true,true,true,1.0,1.0,1.0,1.0
"tx2-3065-3064-1:wnd1",66.675606,-3.952217,-66.293724,11.899662,true,true,true,true,true,1.0,1.0,1.0,1.0
"tx2-3068-3067-1:wnd1",124.240135,26.847458,-124.06239,-19.51847,true,true,true,true,true,1.0,1.0,1.0,1.0
"tx2-3071-3070-1:wnd1",140.97122,-8.0394745,-140.30627,20.554924,true,true,true,true,true,1.0,1.0,1.0,1.0
"tx2-3074-3073-1:wnd1",82.66125,0.11024475,-82.56012,3.9089203,true,true,true,true,true,1.0,1.0,1.0,1.0
"tx2-3079-3078-1:wnd1",55.351227,-2.1438599,-55.30426,3.9245605,true,true,true,true,true,1.0,1.0,1.0,1.0
"tx2-3081-3078-1:wnd1",206.23885,49.40777,-205.39255,-23.994064,true,true,true,true,true,1.0,1.0,1.0,1.0
"tx2-3080-3079-1:wnd1",39.05747,-7.0798874,-38.972343,9.01556,true,true,true,true,true,1.0,1.0,1.0,1.0
"tx2-3083-3082-1:wnd1",110.03534,-8.039284,-109.825066,15.862846,true,true,true,true,true,1.0,1.0,1.0,1.0
"tx2-3084-3082-1:wnd1",192.57237,11.673546,-191.9359,25.539398,true,true,true,true,true,1.0,1.0,1.0,1.0
"tx2-3086-3085-1:wnd1",62.120117,0.98867416,-61.848766,7.3409557,true,true,true,true,true,1.0,1.0,1.0,1.0
"tx2-3087-3085-1:wnd1",2.9802322E-6,4.7683716E-5,-2.9802322E-6,-9.536743E-5,true,true,true,true,true,1.0,1.0,1.0,1.0
"tx2-3089-3088-1:wnd1",-198.03275,-13.217163,198.22977,21.26236,true,true,true,true,true,1.0,1.0,1.0,1.0
"tx2-3092-3088-1:wnd1",165.65363,34.92899,-165.24008,-11.9122505,true,true,true,true,true,1.0,1.0,1.0,1.0
"tx2-3091-3090-1:wnd1",-12.727451,-19.529152,12.734497,19.722748,true,true,true,true,true,1.0,1.0,1.0,1.0
"tx2-3095-3094-1:wnd1",70.65978,19.362831,-70.481964,-11.187315,true,true,true,true,true,1.0,1.0,1.0,1.0
"tx2-3097-3096-1:wnd1",51.96604,-10.997009,-51.901924,12.64801,true,true,true,true,true,1.0,1.0,1.0,1.0
"tx2-3097-3096-2:wnd1",51.96604,-10.997009,-51.901924,12.64801,true,true,true,true,true,1.0,1.0,1.0,1.0
"tx2-3098-3096-1:wnd1",132.52286,14.239597,-131.96442,7.7694893,true,true,true,true,true,1.0,1.0,1.0,1.0
"tx2-3105-3104-1:wnd1",14.999631,1.2684345,-14.97803,-0.76856613,true,true,true,true,true,1.0,1.0,1.0,1.0
"tx2-3106-3104-1:wnd1",54.898598,2.459669,-54.68818,4.1320324,true,true,true,true,true,1.0,1.0,1.0,1.0
"tx2-3110-3109-1:wnd1",69.574486,10.822725,-69.34302,-0.7112026,true,true,true,true,true,1.0,1.0,1.0,1.0
"tx2-3112-3111-1:wnd1",61.954464,1.9399166,-61.50533,7.8532696,true,true,true,true,true,1.0,1.0,1.0,1.0
"tx2-3113-3111-1:wnd1",61.954475,2.7039766,-61.62452,7.109761,true,true,true,true,true,1.0,1.0,1.0,1.0
"tx2-3117-3116-1:wnd1",52.180862,-2.3816109,-52.110462,5.467701,true,true,true,true,true,1.0,1.0,1.0,1.0
"tx2-3118-3116-1:wnd1",54.118324,-5.253315,-54.01397,7.5615883,true,true,true,true,true,1.0,1.0,1.0,1.0
"tx2-3120-3119-1:wnd1",10.248571,0.0,-10.245996,0.09422302,true,true,true,true,true,1.0,1.0,1.0,1.0
"tx2-3122-3121-1:wnd1",112.064896,-11.644554,-111.34767,25.031853,true,true,true,true,true,1.0,1.0,1.0,1.0
"tx2-3134-3133-1:wnd1",-6.2425537,-3.3987045,6.2444773,3.4978867,true,true,true,true,true,1.0,1.0,1.0,1.0
"tx2-3136-3135-1:wnd1",24.87843,-2.298212,-24.842306,3.7311077,true,true,true,true,true,1.0,1.0,1.0,1.0
"tx2-4005-4004-1:wnd1",-74.689095,6.267643,74.78542,-2.6854515,true,true,true,true,true,1.0,1.0,1.0,1.0
"tx2-4010-4009-1:wnd1",56.476772,10.277367,-56.397774,-8.0106735,true,true,true,true,true,1.0,1.0,1.0,1.0
"tx2-4010-4009-2:wnd1",56.55771,9.679985,-56.454964,-7.4151993,true,true,true,true,true,1.0,1.0,1.0,1.0
"tx2-4015-4014-1:wnd1",-63.253223,-3.11203,63.27684,4.592514,true,true,true,true,true,1.0,1.0,1.0,1.0
"tx2-4015-4014-2:wnd1",-63.253223,-3.11203,63.27684,4.592514,true,true,true,true,true,1.0,1.0,1.0,1.0
"tx2-4025-4024-1:wnd1",-152.89113,-2.3288727,153.19276,12.717819,true,true,true,true,true,1.0,1.0,1.0,1.0
"tx2-4026-4024-1:wnd1",204.99475,41.177654,-204.38487,-13.742065,true,true,true,true,true,1.0,1.0,1.0,1.0
"tx2-4026-4024-2:wnd1",204.99475,41.177654,-204.38487,-13.742065,true,true,true,true,true,1.0,1.0,1.0,1.0
"tx2-4029-4028-1:wnd1",-66.93497,0.11367798,66.968925,1.8569946,true,true,true,true,true,1.0,1.0,1.0,1.0
"tx2-4029-4028-2:wnd1",-66.93497,0.11367798,66.968925,1.8569946,true,true,true,true,true,1.0,1.0,1.0,1.0
"tx2-4030-4028-1:wnd1",207.46146,8.84552,-207.23746,7.850075,true,true,true,true,true,1.0,1.0,1.0,1.0
"tx2-4030-4028-2:wnd1",207.46146,8.84552,-207.23746,7.850075,true,true,true,true,true,1.0,1.0,1.0,1.0
"tx2-4030-4028-3:wnd1",207.46146,8.84552,-207.23746,7.850075,true,true,true,true,true,1.0,1.0,1.0,1.0
"tx2-4040-4039-1:wnd1",-187.88046,16.980362,188.17061,-6.3007355,true,true,true,true,true,1.0,1.0,1.0,1.0
"tx2-4040-4039-2:wnd1",-187.88046,16.980362,188.17061,-6.3007355,true,true,true,true,true,1.0,1.0,1.0,1.0
"tx2-4042-4041-1:wnd1",-196.6669,26.325035,196.89699,-11.755371,true,true,true,true,true,1.0,1.0,1.0,1.0
"tx2-4042-4041-2:wnd1",-196.6669,26.325035,196.89699,-11.755371,true,true,true,true,true,1.0,1.0,1.0,1.0
"tx2-4042-4041-3:wnd1",-196.6669,26.325035,196.89699,-11.755371,true,true,true,true,true,1.0,1.0,1.0,1.0
"tx2-4045-4044-1:wnd1",31.499191,3.795004,-31.462265,-2.1046638,true,true,true,true,true,1.0,1.0,1.0,1.0
"tx2-4046-4044-1:wnd1",9.599736,-0.46999454,-9.593223,0.7092953,true,true,true,true,true,1.0,1.0,1.0,1.0
"tx2-4047-4044-1:wnd1",65.99834,10.627174,-65.74264,-6.423664,true,true,true,true,true,1.0,1.0,1.0,1.0
"tx2-4050-4049-1:wnd1",82.826935,-5.0803185,-82.53616,11.031723,true,true,true,true,true,1.0,1.0,1.0,1.0
"tx2-4050-4049-2:wnd1",82.826935,-5.0803185,-82.53616,11.031723,true,true,true,true,true,1.0,1.0,1.0,1.0
"tx2-4052-4051-1:wnd1",44.198902,5.6144238,-44.114487,-2.1048546,true,true,true,true,true,1.0,1.0,1.0,1.0
"tx2-4057-4056-1:wnd1",-267.97968,-37.16564,268.64563,61.30848,true,true,true,true,true,1.0,1.0,1.0,1.0
"tx2-4058-4056-1:wnd1",143.99637,32.39193,-143.71712,-20.414734,true,true,true,true,true,1.0,1.0,1.0,1.0
"tx2-4059-4056-1:wnd1",143.99632,34.532166,-143.58916,-24.332237,true,true,true,true,true,1.0,1.0,1.0,1.0
"tx2-4060-4056-1:wnd1",143.99635,25.463295,-143.56703,-8.498478,true,true,true,true,true,1.0,1.0,1.0,1.0
"tx2-4061-4056-1:wnd1",172.32555,34.13849,-171.89503,-17.429352,true,true,true,true,true,1.0,1.0,1.0,1.0
"tx2-4062-4056-1:wnd1",172.32559,27.607918,-171.50166,-6.994438,true,true,true,true,true,1.0,1.0,1.0,1.0
"tx2-4063-4056-1:wnd1",172.32555,35.977745,-172.10062,-18.915367,true,true,true,true,true,1.0,1.0,1.0,1.0
"tx2-4065-4064-1:wnd1",46.998833,13.914728,-46.78382,-9.415627,true,true,true,true,true,1.0,1.0,1.0,1.0
"tx2-4071-4070-1:wnd1",-117.51707,-26.739502,117.69422,33.023834,true,true,true,true,true,1.0,1.0,1.0,1.0
"tx2-4071-4070-2:wnd1",-117.51707,-26.739502,117.69422,33.023834,true,true,true,true,true,1.0,1.0,1.0,1.0
"tx2-4074-4073-1:wnd1",-220.19115,20.070648,220.42613,-11.298752,true,true,true,true,true,1.0,1.0,1.0,1.0
"tx2-4074-4073-2:wnd1",-220.19115,20.070648,220.42613,-11.298752,true,true,true,true,true,1.0,1.0,1.0,1.0
"tx2-4075-4073-1:wnd1",0.0,0.0,0.0,0.0,true,true,true,true,true,1.0,1.0,1.0,1.0
"tx2-4076-4073-1:wnd1",45.63548,1.2183189,-45.602768,0.08897781,true,true,true,true,true,1.0,1.0,1.0,1.0
"tx2-4077-4073-1:wnd1",45.635517,11.259937,-45.60474,-9.705639,true,true,true,true,true,1.0,1.0,1.0,1.0
"tx2-4081-4080-1:wnd1",1.4895082,-29.758072,-1.4795303,30.29461,true,true,true,true,true,1.0,1.0,1.0,1.0
"tx2-4081-4080-2:wnd1",1.4895082,-29.758072,-1.4795303,30.29461,true,true,true,true,true,1.0,1.0,1.0,1.0
"tx2-4082-4080-1:wnd1",73.146774,49.01409,-73.06004,-45.39261,true,true,true,true,true,1.0,1.0,1.0,1.0
"tx2-4083-4080-1:wnd1",73.14671,53.157043,-73.0628,-49.63875,true,true,true,true,true,1.0,1.0,1.0,1.0
"tx2-4084-4080-1:wnd1",73.14683,95.399475,-73.09465,-92.00401,true,true,true,true,true,1.0,1.0,1.0,1.0
"tx2-4085-4080-1:wnd1",105.78338,113.54904,-105.66317,-108.70476,true,true,true,true,true,1.0,1.0,1.0,1.0
"tx2-4090-4089-1:wnd1",0.0,1.1920929E-5,0.0,1.1920929E-5,true,true,true,true,true,1.0,1.0,1.0,1.0
"tx2-4091-4089-1:wnd1",23.499474,-2.8701782,-23.472763,4.1234493,true,true,true,true,true,1.0,1.0,1.0,1.0
"tx2-4092-4089-1:wnd1",0.0,0.0,0.0,0.0,true,true,true,true,true,1.0,1.0,1.0,1.0
"tx2-4093-4089-1:wnd1",27.99935,0.7179022,-27.878798,1.3667345,true,true,true,true,true,1.0,1.0,1.0,1.0
"tx2-4094-4089-1:wnd1",27.999357,-3.4201622,-27.978373,4.2326927,true,true,true,true,true,1.0,1.0,1.0,1.0
"tx2-4095-4089-1:wnd1",27.999323,-2.873373,-27.931435,4.5190334,true,true,true,true,true,1.0,1.0,1.0,1.0
"tx2-4096-4089-1:wnd1",-1.4901161E-6,0.0,-1.4901161E-6,0.0,true,true,true,true,true,1.0,1.0,1.0,1.0
"tx2-4097-4089-1:wnd1",27.999329,-1.0521412,-27.919071,2.887249,true,true,true,true,true,1.0,1.0,1.0,1.0
"tx2-4098-4089-1:wnd1",0.0,0.0,2.9802322E-6,4.7683716E-5,true,true,true,true,true,1.0,1.0,1.0,1.0
"tx2-4105-4104-1:wnd1",74.544205,2.9319763,-74.32588,2.0981789,true,true,true,true,true,1.0,1.0,1.0,1.0
"tx2-4105-4104-2:wnd1",74.544205,2.9319763,-74.32588,2.0981789,true,true,true,true,true,1.0,1.0,1.0,1.0
"tx2-4114-4113-1:wnd1",-138.10168,-49.6994,138.26384,53.920364,true,true,true,true,true,1.0,1.0,1.0,1.0
"tx2-4115-4113-1:wnd1",34.110214,28.466034,-34.090458,-27.40841,true,true,true,true,true,1.0,1.0,1.0,1.0
"tx2-4116-4113-1:wnd1",34.110115,30.358124,-34.07675,-29.187775,true,true,true,true,true,1.0,1.0,1.0,1.0
"tx2-4132-4131-1:wnd1",-87.05191,-7.3345184,87.073204,8.610916,true,true,true,true,true,1.0,1.0,1.0,1.0
"tx2-4132-4131-2:wnd1",-87.05191,-7.3345184,87.073204,8.610916,true,true,true,true,true,1.0,1.0,1.0,1.0
"tx2-4133-4131-1:wnd1",0.0,0.0,0.0,0.0,true,true,true,true,true,1.0,1.0,1.0,1.0
"tx2-4134-4131-1:wnd1",10.097461,6.6304207,-10.094647,-6.4210415,true,true,true,true,true,1.0,1.0,1.0,1.0
"tx2-4135-4131-1:wnd1",10.097459,6.10075,-10.093191,-5.9104443,true,true,true,true,true,1.0,1.0,1.0,1.0
"tx2-4136-4131-1:wnd1",10.097506,8.666468,-10.092137,-8.3527565,true,true,true,true,true,1.0,1.0,1.0,1.0
"tx2-4137-4131-1:wnd1",0.0,0.0,0.0,0.0,true,true,true,true,true,1.0,1.0,1.0,1.0
"tx2-4138-4131-1:wnd1",-2.9802322E-6,-1.9073486E-4,5.9604645E-6,1.9073486E-4,true,true,true,true,true,1.0,1.0,1.0,1.0
"tx2-4141-4140-1:wnd1",-115.30687,-36.687088,115.41712,41.622353,true,true,true,true,true,1.0,1.0,1.0,1.0
"tx2-4142-4140-1:wnd1",155.71439,-11.775589,-155.57947,18.742752,true,true,true,true,true,1.0,1.0,1.0,1.0
"tx2-4147-4146-1:wnd1",-235.85263,-59.693146,235.97623,67.29431,true,true,true,true,true,1.0,1.0,1.0,1.0
"tx2-4152-4151-1:wnd1",33.909668,5.26371,-33.892456,-4.257107,true,true,true,true,true,1.0,1.0,1.0,1.0
"tx2-4152-4151-2:wnd1",33.909668,5.26371,-33.892456,-4.257107,true,true,true,true,true,1.0,1.0,1.0,1.0
"tx2-4153-4151-1:wnd1",73.29332,-40.831757,-73.249176,42.018127,true,true,true,true,true,1.0,1.0,1.0,1.0
"tx2-4159-4158-1:wnd1",-283.5747,-36.79657,284.07446,57.711792,true,true,true,true,true,1.0,1.0,1.0,1.0
"tx2-4159-4158-2:wnd1",-283.5747,-36.79657,284.07446,57.711792,true,true,true,true,true,1.0,1.0,1.0,1.0
"tx2-4160-4158-1:wnd1",185.28828,70.53032,-185.11105,-61.409378,true,true,true,true,true,1.0,1.0,1.0,1.0
"tx2-4161-4158-1:wnd1",197.76494,52.944946,-197.44495,-29.525375,true,true,true,true,true,1.0,1.0,1.0,1.0
"tx2-4162-4158-1:wnd1",197.76492,49.110794,-196.97824,-26.148415,true,true,true,true,true,1.0,1.0,1.0,1.0
"tx2-4163-4158-1:wnd1",1.4901161E-6,9.536743E-5,-1.4901161E-6,-4.7683716E-5,true,true,true,true,true,1.0,1.0,1.0,1.0
"tx2-4166-4165-1:wnd1",83.241005,10.62212,-83.09032,-4.229927,true,true,true,true,true,1.0,1.0,1.0,1.0
"tx2-4166-4165-2:wnd1",83.241005,10.62212,-83.09032,-4.229927,true,true,true,true,true,1.0,1.0,1.0,1.0
"tx2-4177-4176-1:wnd1",55.305218,7.2504997,-55.14331,-3.8064003,true,true,true,true,true,1.0,1.0,1.0,1.0
"tx2-4177-4176-2:wnd1",55.305218,7.2504997,-55.14331,-3.8064003,true,true,true,true,true,1.0,1.0,1.0,1.0
"tx2-4182-4181-1:wnd1",-78.57747,-10.041904,78.78066,15.932465,true,true,true,true,true,1.0,1.0,1.0,1.0
"tx2-4184-4183-1:wnd1",-164.72466,-33.93755,165.06445,52.38371,true,true,true,true,true,1.0,1.0,1.0,1.0
"tx2-4193-4192-1:wnd1",-181.0722,-32.083893,181.19133,40.011597,true,true,true,true,true,1.0,1.0,1.0,1.0
"tx2-4193-4192-2:wnd1",-181.0722,-32.083893,181.19133,40.011597,true,true,true,true,true,1.0,1.0,1.0,1.0
"tx2-4193-4192-3:wnd1",-181.0722,-32.083893,181.19133,40.011597,true,true,true,true,true,1.0,1.0,1.0,1.0
"tx2-5016-5015-1:wnd1",-511.53006,6.502533,511.92447,30.757141,true,true,true,true,true,1.0,1.0,1.0,1.0
"tx2-5016-5015-2:wnd1",-511.53006,6.502533,511.92447,30.757141,true,true,true,true,true,1.0,1.0,1.0,1.0
"tx2-5019-5018-1:wnd1",-116.15876,-9.870529,116.237816,13.41095,true,true,true,true,true,1.0,1.0,1.0,1.0
"tx2-5020-5018-1:wnd1",99.3922,-6.1840057,-99.36047,9.482574,true,true,true,true,true,1.0,1.0,1.0,1.0
"tx2-5022-5021-1:wnd1",-588.6444,-11.3220215,588.9947,46.520996,true,true,true,true,true,1.0,1.0,1.0,1.0
"tx2-5022-5021-2:wnd1",-588.6444,-11.3220215,588.9947,46.520996,true,true,true,true,true,1.0,1.0,1.0,1.0
"tx2-5023-5021-1:wnd1",0.0,0.0,0.0,0.0,true,true,true,true,true,1.0,1.0,1.0,1.0
"tx2-5034-5033-1:wnd1",-707.3005,-87.39014,707.7557,114.99939,true,true,true,true,true,1.0,1.0,1.0,1.0
"tx2-5035-5033-1:wnd1",1.4901161E-6,9.536743E-5,1.4901161E-6,9.536743E-5,true,true,true,true,true,1.0,1.0,1.0,1.0
"tx2-5036-5033-1:wnd1",0.0,1.9073486E-4,0.0,1.9073486E-4,true,true,true,true,true,1.0,1.0,1.0,1.0
"tx2-5037-5033-1:wnd1",118.02006,97.382355,-117.98632,-94.64722,true,true,true,true,true,1.0,1.0,1.0,1.0
"tx2-5038-5033-1:wnd1",308.46268,97.556305,-308.3319,-84.93271,true,true,true,true,true,1.0,1.0,1.0,1.0
"tx2-5039-5033-1:wnd1",308.46335,52.848816,-308.38672,-47.566223,true,true,true,true,true,1.0,1.0,1.0,1.0
"tx2-5040-5033-1:wnd1",308.46228,74.22104,-308.16235,-58.325577,true,true,true,true,true,1.0,1.0,1.0,1.0
"tx2-5041-5033-1:wnd1",308.46198,103.94821,-308.24814,-92.318726,true,true,true,true,true,1.0,1.0,1.0,1.0
"tx2-5042-5033-1:wnd1",308.46252,91.82434,-308.33313,-78.43475,true,true,true,true,true,1.0,1.0,1.0,1.0
"tx2-5046-5045-1:wnd1",-158.02638,-11.181641,158.1037,16.453934,true,true,true,true,true,1.0,1.0,1.0,1.0
"tx2-5048-5047-1:wnd1",-473.31027,-70.84656,473.60974,99.70703,true,true,true,true,true,1.0,1.0,1.0,1.0
"tx2-5050-5049-1:wnd1",-282.78934,-17.086792,283.0314,37.261963,true,true,true,true,true,1.0,1.0,1.0,1.0
"tx2-5051-5049-1:wnd1",84.69776,6.5250397,-84.68065,-5.360794,true,true,true,true,true,1.0,1.0,1.0,1.0
"tx2-5052-5049-1:wnd1",-82.44931,3.4009933,82.49445,-0.038337708,true,true,true,true,true,1.0,1.0,1.0,1.0
"tx2-5056-5055-1:wnd1",-116.78416,-8.242798,116.815674,9.899902,true,true,true,true,true,1.0,1.0,1.0,1.0
"tx2-5057-5055-1:wnd1",0.0,0.0,0.0,0.0,true,true,true,true,true,1.0,1.0,1.0,1.0
"tx2-5058-5055-1:wnd1",317.34177,-4.058075,-317.0295,23.476791,true,true,true,true,true,1.0,1.0,1.0,1.0
"tx2-5060-5059-1:wnd1",-39.237118,5.861664,39.296482,-4.6352386,true,true,true,true,true,1.0,1.0,1.0,1.0
"tx2-5064-5063-1:wnd1",-692.7899,-54.38614,693.4199,98.049164,true,true,true,true,true,1.0,1.0,1.0,1.0
"tx2-5064-5063-2:wnd1",-692.7899,-54.38614,693.4199,98.049164,true,true,true,true,true,1.0,1.0,1.0,1.0
"tx2-5065-5063-1:wnd1",10.5997925,-1.1798859,-10.599518,1.1989594,true,true,true,true,true,1.0,1.0,1.0,1.0
"tx2-5066-5063-1:wnd1",-1.4901161E-6,-9.536743E-5,-1.4901161E-6,-9.536743E-5,true,true,true,true,true,1.0,1.0,1.0,1.0
"tx2-5067-5063-1:wnd1",352.20514,149.95956,-352.05066,-134.84726,true,true,true,true,true,1.0,1.0,1.0,1.0
"tx2-5068-5063-1:wnd1",131.70847,150.93079,-131.64325,-146.59576,true,true,true,true,true,1.0,1.0,1.0,1.0
"tx2-5069-5063-1:wnd1",131.70789,155.16205,-131.62497,-150.41656,true,true,true,true,true,1.0,1.0,1.0,1.0
"tx2-5077-5076-1:wnd1",-21.009731,26.891232,21.026812,-26.149082,true,true,true,true,true,1.0,1.0,1.0,1.0
"tx2-5084-5083-1:wnd1",-564.9172,-81.90384,565.7116,119.836426,true,true,true,true,true,1.0,1.0,1.0,1.0
"tx2-5089-5088-1:wnd1",0.0,0.0,0.0,0.0,true,true,true,true,true,1.0,1.0,1.0,1.0
"tx2-5103-5102-1:wnd1",-586.62494,-45.977783,587.5395,86.07559,true,true,true,true,true,1.0,1.0,1.0,1.0
"tx2-5103-5102-2:wnd1",-586.62494,-45.977783,587.5395,86.07559,true,true,true,true,true,1.0,1.0,1.0,1.0
"tx2-5106-5105-1:wnd1",0.0,4.7683716E-5,-2.9802322E-6,0.0,true,true,true,true,true,1.0,1.0,1.0,1.0
"tx2-5107-5105-1:wnd1",0.0,0.0,0.0,0.0,true,true,true,true,true,1.0,1.0,1.0,1.0
"tx2-5121-5120-1:wnd1",-13.26327,-38.7228,13.274034,39.496613,true,true,true,true,true,1.0,1.0,1.0,1.0
"tx2-5124-5123-1:wnd1",34.040283,-13.457394,-34.003265,14.471531,true,true,true,true,true,1.0,1.0,1.0,1.0
"tx2-5132-5131-1:wnd1",-167.53618,-39.271164,167.64395,44.57321,true,true,true,true,true,1.0,1.0,1.0,1.0
"tx2-5138-5137-1:wnd1",-207.32294,-26.753998,207.3828,30.690002,true,true,true,true,true,1.0,1.0,1.0,1.0
"tx2-5165-5164-1:wnd1",-1003.69165,-91.22162,1004.51575,141.17737,true,true,true,true,true,1.0,1.0,1.0,1.0
"tx2-5166-5164-1:wnd1",118.455864,29.118347,-118.39428,-25.13237,true,true,true,true,true,1.0,1.0,1.0,1.0
"tx2-5167-5164-1:wnd1",1.599881,-0.17995834,-1.5998468,0.18234253,true,true,true,true,true,1.0,1.0,1.0,1.0
"tx2-5170-5169-1:wnd1",59.296192,0.79336166,-59.231853,1.4931679,true,true,true,true,true,1.0,1.0,1.0,1.0
"tx2-5180-5179-1:wnd1",-140.24315,-25.930786,140.28099,28.999329,true,true,true,true,true,1.0,1.0,1.0,1.0
"tx2-5193-5192-1:wnd1",-126.012314,-43.54248,126.05091,45.82596,true,true,true,true,true,1.0,1.0,1.0,1.0
"tx2-5197-5196-1:wnd1",-91.91395,-5.1757812,91.94283,7.862854,true,true,true,true,true,1.0,1.0,1.0,1.0
"tx2-5198-5196-1:wnd1",124.23924,-13.355255,-124.211105,15.098572,true,true,true,true,true,1.0,1.0,1.0,1.0
"tx2-5205-5204-1:wnd1",-342.26593,-13.969421,342.34802,24.034119,true,true,true,true,true,1.0,1.0,1.0,1.0
"tx2-5206-5204-1:wnd1",205.965,40.958405,-205.82234,-32.385635,true,true,true,true,true,1.0,1.0,1.0,1.0
"tx2-5207-5204-1:wnd1",248.66362,74.50104,-248.55792,-67.46063,true,true,true,true,true,1.0,1.0,1.0,1.0
"tx2-5208-5204-1:wnd1",248.66338,60.13565,-248.54147,-51.531982,true,true,true,true,true,1.0,1.0,1.0,1.0
"tx2-5237-5236-1:wnd1",88.36398,-11.333656,-88.32246,14.770126,true,true,true,true,true,1.0,1.0,1.0,1.0
"tx2-5238-5236-1:wnd1",224.99513,-9.492493,-224.9142,14.428711,true,true,true,true,true,1.0,1.0,1.0,1.0
"tx2-5240-5239-1:wnd1",-63.789017,-10.8400345,63.81015,12.319756,true,true,true,true,true,1.0,1.0,1.0,1.0
"tx2-5243-5239-1:wnd1",124.240456,-21.606827,-124.18168,25.632095,true,true,true,true,true,1.0,1.0,1.0,1.0
"tx2-5241-5240-1:wnd1",-42.348827,0.16994476,42.36399,0.57086945,true,true,true,true,true,1.0,1.0,1.0,1.0
"tx2-5261-5260-1:wnd1",-73.22866,-4.7100067,73.25265,6.2049866,true,true,true,true,true,1.0,1.0,1.0,1.0
"tx2-5262-5260-1:wnd1",1006.3456,67.085266,-1005.3485,-4.067993,true,true,true,true,true,1.0,1.0,1.0,1.0
"tx2-5263-5260-1:wnd1",1006.34326,81.50177,-1005.7438,-36.44104,true,true,true,true,true,1.0,1.0,1.0,1.0
"tx2-5280-5279-1:wnd1",-250.77798,-61.224365,250.84319,65.36255,true,true,true,true,true,1.0,1.0,1.0,1.0
"tx2-5281-5279-1:wnd1",221.7517,-29.704666,-221.64836,39.432526,true,true,true,true,true,1.0,1.0,1.0,1.0
"tx2-5282-5279-1:wnd1",80.45925,-29.699707,-80.44411,30.90477,true,true,true,true,true,1.0,1.0,1.0,1.0
"tx2-5283-5279-1:wnd1",0.0,0.0,0.0,0.0,true,true,true,true,true,1.0,1.0,1.0,1.0
"tx2-5296-5295-1:wnd1",-548.859,-95.77789,549.2944,117.82532,true,true,true,true,true,1.0,1.0,1.0,1.0
"tx2-5297-5295-1:wnd1",-1.4901161E-6,-1.9073486E-4,-1.4901161E-6,-1.9073486E-4,true,true,true,true,true,1.0,1.0,1.0,1.0
"tx2-5298-5295-1:wnd1",114.450516,-3.2203674,-114.43113,4.6180725,true,true,true,true,true,1.0,1.0,1.0,1.0
"tx2-5299-5295-1:wnd1",114.99679,28.341675,-114.95582,-25.30098,true,true,true,true,true,1.0,1.0,1.0,1.0
"tx2-5300-5295-1:wnd1",114.99641,22.228241,-114.96289,-19.749832,true,true,true,true,true,1.0,1.0,1.0,1.0
"tx2-5301-5295-1:wnd1",82.69751,20.318985,-82.65658,-18.139648,true,true,true,true,true,1.0,1.0,1.0,1.0
"tx2-5302-5295-1:wnd1",139.37105,191.56342,-139.2154,-182.41653,true,true,true,true,true,1.0,1.0,1.0,1.0
"tx2-5303-5295-1:wnd1",139.37111,184.15298,-139.2858,-177.55356,true,true,true,true,true,1.0,1.0,1.0,1.0
"tx2-5305-5304-1:wnd1",-577.04913,-59.104156,577.5241,94.62891,true,true,true,true,true,1.0,1.0,1.0,1.0
"tx2-5318-5317-1:wnd1",-313.5942,-5.6640625,313.7211,20.839691,true,true,true,true,true,1.0,1.0,1.0,1.0
"tx2-5319-5317-1:wnd1",78.976425,18.719482,-78.96092,-17.495728,true,true,true,true,true,1.0,1.0,1.0,1.0
"tx2-5320-5317-1:wnd1",0.0,0.0,0.0,0.0,true,true,true,true,true,1.0,1.0,1.0,1.0
"tx2-5321-5317-1:wnd1",78.97644,19.428253,-78.95958,-18.253708,true,true,true,true,true,1.0,1.0,1.0,1.0
"tx2-5323-5322-1:wnd1",-533.38806,-56.83899,533.7369,93.15109,true,true,true,true,true,1.0,1.0,1.0,1.0
"tx2-5323-5322-2:wnd1",-533.38806,-56.83899,533.7369,93.15109,true,true,true,true,true,1.0,1.0,1.0,1.0
"tx2-5324-5322-1:wnd1",284.06268,104.82178,-283.74005,-86.78169,true,true,true,true,true,1.0,1.0,1.0,1.0
"tx2-5325-5322-1:wnd1",284.06262,104.84009,-283.87067,-86.77559,true,true,true,true,true,1.0,1.0,1.0,1.0
"tx2-5326-5322-1:wnd1",284.06152,30.926514,-283.9488,-25.202942,true,true,true,true,true,1.0,1.0,1.0,1.0
"tx2-5342-5341-1:wnd1",2.7999341,-0.14002323,-2.799125,0.15983582,true,true,true,true,true,1.0,1.0,1.0,1.0
"tx2-5343-5341-1:wnd1",69.99821,-3.4303665,-69.9532,5.8210373,true,true,true,true,true,1.0,1.0,1.0,1.0
"tx2-5351-5350-1:wnd1",-583.0718,-64.27841,583.35016,95.80231,true,true,true,true,true,1.0,1.0,1.0,1.0
"tx2-5351-5350-2:wnd1",-583.0718,-64.27841,583.35016,95.80231,true,true,true,true,true,1.0,1.0,1.0,1.0
"tx2-5359-5358-1:wnd1",-161.22923,-9.522247,161.29515,14.155197,true,true,true,true,true,1.0,1.0,1.0,1.0
"tx2-5360-5358-1:wnd1",302.92496,-61.988068,-302.78436,72.486115,true,true,true,true,true,1.0,1.0,1.0,1.0
"tx2-5362-5361-1:wnd1",-83.360825,-17.840576,83.373955,19.123077,true,true,true,true,true,1.0,1.0,1.0,1.0
"tx2-5363-5361-1:wnd1",10.399691,-1.1497498,-10.399061,1.1861801,true,true,true,true,true,1.0,1.0,1.0,1.0
"tx2-5364-5361-1:wnd1",213.32407,-9.538269,-213.26024,13.861084,true,true,true,true,true,1.0,1.0,1.0,1.0
"tx2-5365-5361-1:wnd1",213.32426,-2.42424,-213.2059,11.404419,true,true,true,true,true,1.0,1.0,1.0,1.0
"tx2-5366-5361-1:wnd1",213.3245,-2.1137238,-213.15155,12.325668,true,true,true,true,true,1.0,1.0,1.0,1.0
"tx2-5367-5361-1:wnd1",213.32443,-1.7967224,-213.18335,11.708832,true,true,true,true,true,1.0,1.0,1.0,1.0
"tx2-5368-5361-1:wnd1",213.3245,-5.5282593,-213.22432,12.126923,true,true,true,true,true,1.0,1.0,1.0,1.0
"tx2-5369-5361-1:wnd1",213.32428,-1.7547607,-213.1377,12.504959,true,true,true,true,true,1.0,1.0,1.0,1.0
"tx2-5381-5380-1:wnd1",-267.32846,-61.389923,267.43997,68.69202,true,true,true,true,true,1.0,1.0,1.0,1.0
"tx2-5382-5380-1:wnd1",208.99496,53.25775,-208.90112,-46.840668,true,true,true,true,true,1.0,1.0,1.0,1.0
"tx2-5383-5380-1:wnd1",208.99446,59.66606,-208.89044,-52.267075,true,true,true,true,true,1.0,1.0,1.0,1.0
"tx2-5385-5384-1:wnd1",-860.26337,-71.87958,860.5609,108.488464,true,true,true,true,true,1.0,1.0,1.0,1.0
"tx2-5385-5384-2:wnd1",-860.26337,-71.87958,860.5609,108.488464,true,true,true,true,true,1.0,1.0,1.0,1.0
"tx2-5389-5388-1:wnd1",-268.4027,-54.15802,268.48364,59.059143,true,true,true,true,true,1.0,1.0,1.0,1.0
"tx2-5391-5390-1:wnd1",-4.495102,-5.3894997,4.4971347,5.443859,true,true,true,true,true,1.0,1.0,1.0,1.0
"tx2-5395-5394-1:wnd1",701.72156,-80.22919,-701.2751,106.37207,true,true,true,true,true,1.0,1.0,1.0,1.0
"tx2-5399-5394-1:wnd1",165.59604,-15.828705,-165.57141,18.75534,true,true,true,true,true,1.0,1.0,1.0,1.0
"tx2-5396-5395-1:wnd1",-101.14778,-10.659981,101.207146,15.214539,true,true,true,true,true,1.0,1.0,1.0,1.0
"tx2-5397-5396-1:wnd1",53.824623,-13.050842,-53.7515,15.097237,true,true,true,true,true,1.0,1.0,1.0,1.0
"tx2-5402-5401-1:wnd1",-393.85107,-39.161682,394.14987,60.687256,true,true,true,true,true,1.0,1.0,1.0,1.0
"tx2-5403-5401-1:wnd1",74.04748,23.18306,-74.03104,-21.447372,true,true,true,true,true,1.0,1.0,1.0,1.0
"tx2-5404-5401-1:wnd1",89.398155,12.955093,-89.37649,-11.351013,true,true,true,true,true,1.0,1.0,1.0,1.0
"tx2-5405-5401-1:wnd1",89.397835,13.258362,-89.37373,-11.637497,true,true,true,true,true,1.0,1.0,1.0,1.0
"tx2-5406-5401-1:wnd1",89.39785,22.716522,-89.37793,-20.336151,true,true,true,true,true,1.0,1.0,1.0,1.0
"tx2-5411-5410-1:wnd1",-249.27126,-50.466156,249.36694,60.445404,true,true,true,true,true,1.0,1.0,1.0,1.0
"tx2-5414-5413-1:wnd1",-26.994848,5.474663,27.004015,-5.0273895,true,true,true,true,true,1.0,1.0,1.0,1.0
"tx2-5415-5413-1:wnd1",121.99707,-6.1410904,-121.932915,10.895157,true,true,true,true,true,1.0,1.0,1.0,1.0
"tx2-5416-5413-1:wnd1",121.99696,-5.6777954,-121.946266,10.483551,true,true,true,true,true,1.0,1.0,1.0,1.0
"tx2-5417-5413-1:wnd1",121.99698,-6.620407,-121.96117,10.860062,true,true,true,true,true,1.0,1.0,1.0,1.0
"tx2-5418-5413-1:wnd1",118.79722,-8.525085,-118.71493,12.422943,true,true,true,true,true,1.0,1.0,1.0,1.0
"tx2-5419-5413-1:wnd1",118.79729,-13.189697,-118.75587,15.490723,true,true,true,true,true,1.0,1.0,1.0,1.0
"tx2-5423-5422-1:wnd1",12.399641,-1.3800621,-12.396026,1.5321732,true,true,true,true,true,1.0,1.0,1.0,1.0
"tx2-5424-5422-1:wnd1",0.0,-4.7683716E-5,0.0,-4.7683716E-5,true,true,true,true,true,1.0,1.0,1.0,1.0
"tx2-5445-5444-1:wnd1",-333.61108,-54.928207,333.84,72.90878,true,true,true,true,true,1.0,1.0,1.0,1.0
"tx2-5449-5448-1:wnd1",-644.4348,21.752167,644.72406,11.51123,true,true,true,true,true,1.0,1.0,1.0,1.0
"tx2-5452-5451-1:wnd1",-177.42615,-28.3844,177.49843,31.757355,true,true,true,true,true,1.0,1.0,1.0,1.0
"tx2-5459-5458-1:wnd1",-2.2699773,-5.207062,2.2710772,5.2452087,true,true,true,true,true,1.0,1.0,1.0,1.0
"tx2-5465-5464-1:wnd1",-608.75867,-4.283905,609.0555,40.490723,true,true,true,true,true,1.0,1.0,1.0,1.0
"tx2-5480-5479-1:wnd1",-377.11133,-22.977448,377.55933,44.72351,true,true,true,true,true,1.0,1.0,1.0,1.0
"tx2-6004-6003-1:wnd1",573.8151,-143.47267,-572.8986,205.62248,true,true,true,true,true,1.0,1.0,1.0,1.0
"tx2-6006-6003-1:wnd1",64.01033,77.74124,-63.987587,-76.56479,true,true,true,true,true,1.0,1.0,1.0,1.0
"tx2-6007-6003-1:wnd1",-2.3841858E-5,0.0,2.3841858E-5,0.0030517578,true,true,true,true,true,1.0,1.0,1.0,1.0
"tx2-6008-6003-1:wnd1",198.32468,74.14856,-198.24527,-68.107605,true,true,true,true,true,1.0,1.0,1.0,1.0
"tx2-6009-6003-1:wnd1",198.32481,65.57388,-198.19171,-55.820465,true,true,true,true,true,1.0,1.0,1.0,1.0
"tx2-6010-6003-1:wnd1",198.3243,77.88811,-198.18105,-70.79735,true,true,true,true,true,1.0,1.0,1.0,1.0
"tx2-6005-6004-1:wnd1",-71.05646,-8.123016,71.12645,11.179924,true,true,true,true,true,1.0,1.0,1.0,1.0
"tx2-6005-6004-2:wnd1",-71.05646,-8.123016,71.12645,11.179924,true,true,true,true,true,1.0,1.0,1.0,1.0
"tx2-6022-6021-1:wnd1",-245.41461,-46.11206,245.61913,56.851578,true,true,true,true,true,1.0,1.0,1.0,1.0
"tx2-6023-6022-1:wnd1",-206.49385,-37.768173,206.68721,50.283432,true,true,true,true,true,1.0,1.0,1.0,1.0
"tx2-6031-6030-1:wnd1",-32.542427,-1.5971661,32.576427,3.0498028,true,true,true,true,true,1.0,1.0,1.0,1.0
"tx2-6034-6033-1:wnd1",-211.33308,-139.56451,211.42366,145.66956,true,true,true,true,true,1.0,1.0,1.0,1.0
"tx2-6035-6034-1:wnd1",-269.03864,-56.435394,269.35043,69.04907,true,true,true,true,true,1.0,1.0,1.0,1.0
"tx2-6035-6034-2:wnd1",-269.03864,-56.435394,269.35043,69.04907,true,true,true,true,true,1.0,1.0,1.0,1.0
"tx2-6037-6036-1:wnd1",-223.4827,-19.597626,223.64977,28.862,true,true,true,true,true,1.0,1.0,1.0,1.0
"tx2-6037-6036-2:wnd1",-223.4827,-19.597626,223.64977,28.862,true,true,true,true,true,1.0,1.0,1.0,1.0
"tx2-6037-6036-3:wnd1",-223.4827,-19.597626,223.64977,28.862,true,true,true,true,true,1.0,1.0,1.0,1.0
"tx2-6039-6038-1:wnd1",-472.00497,-112.475586,472.64804,144.1513,true,true,true,true,true,1.0,1.0,1.0,1.0
"tx2-6041-6038-1:wnd1",17.99915,-0.87661743,-17.997896,0.94070435,true,true,true,true,true,1.0,1.0,1.0,1.0
"tx2-6042-6038-1:wnd1",107.99709,33.095932,-107.94584,-29.310226,true,true,true,true,true,1.0,1.0,1.0,1.0
"tx2-6040-6039-1:wnd1",-181.94818,-28.627586,182.17378,40.753746,true,true,true,true,true,1.0,1.0,1.0,1.0
"tx2-6040-6039-2:wnd1",-181.94818,-28.627586,182.17378,40.753746,true,true,true,true,true,1.0,1.0,1.0,1.0
"tx2-6046-6045-1:wnd1",-559.20087,-85.00214,559.4538,108.081055,true,true,true,true,true,1.0,1.0,1.0,1.0
"tx2-6048-6045-1:wnd1",-2.9802322E-6,0.0,-2.9802322E-6,0.0,true,true,true,true,true,1.0,1.0,1.0,1.0
"tx2-6049-6045-1:wnd1",-1.4901161E-6,-1.9073486E-4,-1.4901161E-6,-1.9073486E-4,true,true,true,true,true,1.0,1.0,1.0,1.0
"tx2-6050-6045-1:wnd1",0.0,-1.9073486E-4,0.0,-1.9073486E-4,true,true,true,true,true,1.0,1.0,1.0,1.0
"tx2-6051-6045-1:wnd1",57.39875,-6.3610077,-57.387344,7.1884155,true,true,true,true,true,1.0,1.0,1.0,1.0
"tx2-6052-6045-1:wnd1",-5.9604645E-6,-1.9073486E-4,-5.9604645E-6,-1.9073486E-4,true,true,true,true,true,1.0,1.0,1.0,1.0
"tx2-6053-6045-1:wnd1",57.398647,-3.9146423,-57.389606,4.8591614,true,true,true,true,true,1.0,1.0,1.0,1.0
"tx2-6054-6045-1:wnd1",57.39856,11.700058,-57.37843,-9.862709,true,true,true,true,true,1.0,1.0,1.0,1.0
"tx2-6047-6046-1:wnd1",-151.1948,-15.414238,151.32504,25.134277,true,true,true,true,true,1.0,1.0,1.0,1.0
"tx2-6047-6046-2:wnd1",-151.1948,-15.414238,151.32504,25.134277,true,true,true,true,true,1.0,1.0,1.0,1.0
"tx2-6057-6056-1:wnd1",-384.88678,-55.647278,385.22833,71.910095,true,true,true,true,true,1.0,1.0,1.0,1.0
"tx2-6058-6057-1:wnd1",-166.81395,-26.07727,166.98718,32.248688,true,true,true,true,true,1.0,1.0,1.0,1.0
"tx2-6058-6057-2:wnd1",-166.81395,-26.07727,166.98718,32.248688,true,true,true,true,true,1.0,1.0,1.0,1.0
"tx2-6063-6062-1:wnd1",-746.72003,-70.85724,747.40875,113.62152,true,true,true,true,true,1.0,1.0,1.0,1.0
"tx2-6064-6063-1:wnd1",-75.65992,-16.384888,75.72458,18.930626,true,true,true,true,true,1.0,1.0,1.0,1.0
"tx2-6067-6066-1:wnd1",-401.45618,-89.12659,401.73798,102.619934,true,true,true,true,true,1.0,1.0,1.0,1.0
"tx2-6069-6066-1:wnd1",181.36517,51.467133,-181.28731,-47.354126,true,true,true,true,true,1.0,1.0,1.0,1.0
"tx2-6070-6066-1:wnd1",181.3654,42.57393,-181.22147,-32.942963,true,true,true,true,true,1.0,1.0,1.0,1.0
"tx2-6071-6066-1:wnd1",181.36577,40.9317,-181.32278,-37.744904,true,true,true,true,true,1.0,1.0,1.0,1.0
"tx2-6072-6066-1:wnd1",-2.9802322E-6,0.0,-2.9802322E-6,0.0,true,true,true,true,true,1.0,1.0,1.0,1.0
"tx2-6073-6066-1:wnd1",181.36511,61.502075,-181.27487,-55.89447,true,true,true,true,true,1.0,1.0,1.0,1.0
"tx2-6074-6066-1:wnd1",181.36568,61.2381,-181.24088,-55.683136,true,true,true,true,true,1.0,1.0,1.0,1.0
"tx2-6068-6067-1:wnd1",-129.86697,-15.803909,130.0466,23.19374,true,true,true,true,true,1.0,1.0,1.0,1.0
"tx2-6068-6067-2:wnd1",-129.86697,-15.803909,130.0466,23.19374,true,true,true,true,true,1.0,1.0,1.0,1.0
"tx2-6076-6075-1:wnd1",-201.54414,-7.3371887,201.63362,13.467407,true,true,true,true,true,1.0,1.0,1.0,1.0
"tx2-6078-6075-1:wnd1",169.29366,-17.771149,-169.24728,21.14563,true,true,true,true,true,1.0,1.0,1.0,1.0
"tx2-6079-6075-1:wnd1",169.29407,-13.549805,-169.26825,15.107727,true,true,true,true,true,1.0,1.0,1.0,1.0
"tx2-6080-6075-1:wnd1",169.29364,-27.748108,-169.27008,29.930115,true,true,true,true,true,1.0,1.0,1.0,1.0
"tx2-6077-6076-1:wnd1",-94.37568,-6.454468,94.438644,8.712006,true,true,true,true,true,1.0,1.0,1.0,1.0
"tx2-6082-6081-1:wnd1",21.999432,-0.8242607,-21.970436,1.3854027,true,true,true,true,true,1.0,1.0,1.0,1.0
"tx2-6083-6081-1:wnd1",21.999435,4.1328907,-21.968643,-2.8979063,true,true,true,true,true,1.0,1.0,1.0,1.0
"tx2-6085-6084-1:wnd1",1.3999671,4.7683716E-5,-1.399751,0.008964539,true,true,true,true,true,1.0,1.0,1.0,1.0
"tx2-6086-6084-1:wnd1",24.848057,0.0,-24.81254,1.334858,true,true,true,true,true,1.0,1.0,1.0,1.0
"tx2-6087-6084-1:wnd1",0.0,0.0,0.0,0.0,true,true,true,true,true,1.0,1.0,1.0,1.0
"tx2-6088-6084-1:wnd1",8.779621,0.0,-8.777335,0.07381439,true,true,true,true,true,1.0,1.0,1.0,1.0
"tx2-6089-6084-1:wnd1",11.512945,0.0,-11.505445,0.34508705,true,true,true,true,true,1.0,1.0,1.0,1.0
"tx2-6090-6084-1:wnd1",33.710495,9.536743E-5,-33.68594,1.1417389,true,true,true,true,true,1.0,1.0,1.0,1.0
"tx2-6102-6101-1:wnd1",-739.78064,-16.259003,740.49805,63.166046,true,true,true,true,true,1.0,1.0,1.0,1.0
"tx2-6104-6101-1:wnd1",15.657538,17.025375,-15.655893,-16.896439,true,true,true,true,true,1.0,1.0,1.0,1.0
"tx2-6105-6101-1:wnd1",60.49846,22.094727,-60.48337,-20.506287,true,true,true,true,true,1.0,1.0,1.0,1.0
"tx2-6106-6101-1:wnd1",120.99717,26.605988,-120.96968,-25.136566,true,true,true,true,true,1.0,1.0,1.0,1.0
"tx2-6103-6102-1:wnd1",-229.1854,7.7274323,229.73073,16.362381,true,true,true,true,true,1.0,1.0,1.0,1.0
"tx2-6108-6107-1:wnd1",117.70408,-79.05331,-117.57901,88.02185,true,true,true,true,true,1.0,1.0,1.0,1.0
"tx2-6110-6107-1:wnd1",177.48776,137.03384,-177.41803,-132.01828,true,true,true,true,true,1.0,1.0,1.0,1.0
"tx2-6111-6107-1:wnd1",198.7949,138.58414,-198.71889,-132.7797,true,true,true,true,true,1.0,1.0,1.0,1.0
"tx2-6109-6108-1:wnd1",-45.111454,-1.5813828,45.164238,3.7528992,true,true,true,true,true,1.0,1.0,1.0,1.0
"tx2-6119-6118-1:wnd1",-464.73627,-90.10925,465.2091,117.55829,true,true,true,true,true,1.0,1.0,1.0,1.0
"tx2-6120-6119-1:wnd1",-171.1228,-25.004196,171.29433,33.857727,true,true,true,true,true,1.0,1.0,1.0,1.0
"tx2-6120-6119-2:wnd1",-171.1228,-25.004196,171.29433,33.857727,true,true,true,true,true,1.0,1.0,1.0,1.0
"tx2-6142-6141-1:wnd1",-650.89514,-74.910736,651.7362,113.13782,true,true,true,true,true,1.0,1.0,1.0,1.0
"tx2-6142-6141-2:wnd1",-650.89514,-74.910736,651.7362,113.13782,true,true,true,true,true,1.0,1.0,1.0,1.0
"tx2-6144-6141-1:wnd1",0.0,1.9073486E-4,0.0,1.9073486E-4,true,true,true,true,true,1.0,1.0,1.0,1.0
"tx2-6145-6141-1:wnd1",159.22935,57.233047,-159.1565,-52.40822,true,true,true,true,true,1.0,1.0,1.0,1.0
"tx2-6146-6141-1:wnd1",445.98804,69.753265,-445.52707,-36.679077,true,true,true,true,true,1.0,1.0,1.0,1.0
"tx2-6147-6141-1:wnd1",241.20364,69.74335,-241.0848,-60.8696,true,true,true,true,true,1.0,1.0,1.0,1.0
"tx2-6148-6141-1:wnd1",1.1920929E-5,7.6293945E-4,1.1920929E-5,7.6293945E-4,true,true,true,true,true,1.0,1.0,1.0,1.0
"tx2-6149-6141-1:wnd1",186.85442,217.10663,-186.82347,-213.443,true,true,true,true,true,1.0,1.0,1.0,1.0
"tx2-6143-6142-1:wnd1",-254.95622,-9.609222,255.1492,23.495865,true,true,true,true,true,1.0,1.0,1.0,1.0
"tx2-6143-6142-2:wnd1",-254.95622,-9.609222,255.1492,23.495865,true,true,true,true,true,1.0,1.0,1.0,1.0
"tx2-6143-6142-3:wnd1",-254.95622,-9.609222,255.1492,23.495865,true,true,true,true,true,1.0,1.0,1.0,1.0
"tx2-6153-6152-1:wnd1",-22.16436,-10.437202,22.181965,11.113739,true,true,true,true,true,1.0,1.0,1.0,1.0
"tx2-6162-6161-1:wnd1",-368.2779,-37.937546,368.60056,60.58922,true,true,true,true,true,1.0,1.0,1.0,1.0
"tx2-6164-6161-1:wnd1",70.64218,69.2379,-70.62189,-67.71393,true,true,true,true,true,1.0,1.0,1.0,1.0
"tx2-6165-6161-1:wnd1",70.64201,61.735916,-70.613815,-60.208893,true,true,true,true,true,1.0,1.0,1.0,1.0
"tx2-6166-6161-1:wnd1",70.64141,68.77594,-70.6312,-68.05725,true,true,true,true,true,1.0,1.0,1.0,1.0
"tx2-6167-6161-1:wnd1",70.64198,79.06113,-70.620804,-77.52991,true,true,true,true,true,1.0,1.0,1.0,1.0
"tx2-6163-6162-1:wnd1",-92.03695,-14.515877,92.13123,18.213654,true,true,true,true,true,1.0,1.0,1.0,1.0
"tx2-6170-6169-1:wnd1",-426.31854,-43.066406,426.8069,75.24338,true,true,true,true,true,1.0,1.0,1.0,1.0
"tx2-6171-6170-1:wnd1",-143.12431,-27.209473,143.24625,34.56173,true,true,true,true,true,1.0,1.0,1.0,1.0
"tx2-6173-6172-1:wnd1",-72.36167,-2.7748108,72.430435,5.798912,true,true,true,true,true,1.0,1.0,1.0,1.0
"tx2-6178-6177-1:wnd1",-85.17782,-12.636757,85.23916,15.81707,true,true,true,true,true,1.0,1.0,1.0,1.0
"tx2-6178-6177-2:wnd1",-85.17782,-12.636757,85.23916,15.81707,true,true,true,true,true,1.0,1.0,1.0,1.0
"tx2-6178-6177-3:wnd1",-85.17782,-12.636757,85.23916,15.81707,true,true,true,true,true,1.0,1.0,1.0,1.0
"tx2-6189-6188-1:wnd1",-73.60645,-2.5590897,73.7302,5.8670044,true,true,true,true,true,1.0,1.0,1.0,1.0
"tx2-6193-6192-1:wnd1",-24.284538,-13.370609,24.293756,13.897324,true,true,true,true,true,1.0,1.0,1.0,1.0
"tx2-6198-6197-1:wnd1",-505.17932,-62.66861,505.56735,99.22714,true,true,true,true,true,1.0,1.0,1.0,1.0
"tx2-6199-6198-1:wnd1",-239.3495,-8.914185,239.62636,18.67981,true,true,true,true,true,1.0,1.0,1.0,1.0
"tx2-6199-6198-2:wnd1",-239.3495,-8.914185,239.62636,18.67981,true,true,true,true,true,1.0,1.0,1.0,1.0
"tx2-6199-6198-3:wnd1",-239.3495,-8.914185,239.62636,18.67981,true,true,true,true,true,1.0,1.0,1.0,1.0
"tx2-6211-6210-1:wnd1",-151.74205,-35.900497,151.81274,39.762497,true,true,true,true,true,1.0,1.0,1.0,1.0
"tx2-6213-6210-1:wnd1",59.99863,12.277794,-59.975197,-10.687447,true,true,true,true,true,1.0,1.0,1.0,1.0
"tx2-6214-6210-1:wnd1",186.32547,53.927612,-186.17126,-44.268036,true,true,true,true,true,1.0,1.0,1.0,1.0
"tx2-6215-6210-1:wnd1",186.32613,3.9978027,-186.2929,-1.6403198,true,true,true,true,true,1.0,1.0,1.0,1.0
"tx2-6216-6210-1:wnd1",186.32542,41.337585,-186.25313,-35.842896,true,true,true,true,true,1.0,1.0,1.0,1.0
"tx2-6212-6211-1:wnd1",-109.71599,-20.995522,109.81806,25.088501,true,true,true,true,true,1.0,1.0,1.0,1.0
"tx2-6223-6222-1:wnd1",-229.05061,-44.944,229.2149,54.631424,true,true,true,true,true,1.0,1.0,1.0,1.0
"tx2-6223-6222-2:wnd1",-229.05061,-44.944,229.2149,54.631424,true,true,true,true,true,1.0,1.0,1.0,1.0
"tx2-6223-6222-3:wnd1",-229.05061,-44.944,229.2149,54.631424,true,true,true,true,true,1.0,1.0,1.0,1.0
"tx2-6229-6228-1:wnd1",-583.75366,-68.0336,584.1342,113.45062,true,true,true,true,true,1.0,1.0,1.0,1.0
"tx2-6230-6229-1:wnd1",-193.43779,-29.48494,193.67862,43.70556,true,true,true,true,true,1.0,1.0,1.0,1.0
"tx2-6230-6229-2:wnd1",-193.43779,-29.48494,193.67862,43.70556,true,true,true,true,true,1.0,1.0,1.0,1.0
"tx2-6235-6234-1:wnd1",-422.39264,-103.51105,422.50485,112.39319,true,true,true,true,true,1.0,1.0,1.0,1.0
"tx2-6236-6235-1:wnd1",-204.57729,-36.852646,204.90714,49.878693,true,true,true,true,true,1.0,1.0,1.0,1.0
"tx2-6236-6235-2:wnd1",-204.57729,-36.852646,204.90714,49.878693,true,true,true,true,true,1.0,1.0,1.0,1.0
"tx2-6240-6239-1:wnd1",-564.21265,-124.479675,565.13556,166.14685,true,true,true,true,true,1.0,1.0,1.0,1.0
"tx2-6242-6239-1:wnd1",60.99839,21.530342,-60.982788,-19.691658,true,true,true,true,true,1.0,1.0,1.0,1.0
"tx2-6243-6239-1:wnd1",182.99525,69.90051,-182.90994,-63.02414,true,true,true,true,true,1.0,1.0,1.0,1.0
"tx2-6244-6239-1:wnd1",297.9924,91.6481,-297.77673,-76.93787,true,true,true,true,true,1.0,1.0,1.0,1.0
"tx2-6245-6239-1:wnd1",297.99234,106.86264,-297.7978,-94.0506,true,true,true,true,true,1.0,1.0,1.0,1.0
"tx2-6246-6239-1:wnd1",297.99228,88.87634,-297.8925,-82.42493,true,true,true,true,true,1.0,1.0,1.0,1.0
"tx2-6247-6239-1:wnd1",183.32513,41.900635,-183.27844,-39.009094,true,true,true,true,true,1.0,1.0,1.0,1.0
"tx2-6248-6239-1:wnd1",183.32538,67.64755,-183.26152,-61.440277,true,true,true,true,true,1.0,1.0,1.0,1.0
"tx2-6249-6239-1:wnd1",183.32527,58.30803,-183.16788,-49.648285,true,true,true,true,true,1.0,1.0,1.0,1.0
"tx2-6241-6240-1:wnd1",-158.6201,-20.396996,158.90927,33.652687,true,true,true,true,true,1.0,1.0,1.0,1.0
"tx2-6241-6240-2:wnd1",-158.6201,-20.396996,158.90927,33.652687,true,true,true,true,true,1.0,1.0,1.0,1.0
"tx2-6255-6254-1:wnd1",-735.04724,-177.74506,735.2734,204.93164,true,true,true,true,true,1.0,1.0,1.0,1.0
"tx2-6257-6254-1:wnd1",193.9951,41.56952,-193.95349,-37.22992,true,true,true,true,true,1.0,1.0,1.0,1.0
"tx2-6258-6254-1:wnd1",193.99474,22.348785,-193.8591,-14.336395,true,true,true,true,true,1.0,1.0,1.0,1.0
"tx2-6259-6254-1:wnd1",5.9604645E-6,0.0,5.9604645E-6,0.0,true,true,true,true,true,1.0,1.0,1.0,1.0
"tx2-6260-6254-1:wnd1",77.23373,44.65866,-77.21998,-43.865204,true,true,true,true,true,1.0,1.0,1.0,1.0
"tx2-6256-6255-1:wnd1",-150.71078,-30.077362,150.91678,41.793823,true,true,true,true,true,1.0,1.0,1.0,1.0
"tx2-6256-6255-2:wnd1",-150.71078,-30.077362,150.91678,41.793823,true,true,true,true,true,1.0,1.0,1.0,1.0
"tx2-6264-6263-1:wnd1",-53.919113,-9.988213,53.943718,10.996819,true,true,true,true,true,1.0,1.0,1.0,1.0
"tx2-6266-6265-1:wnd1",1.4999509,-0.064992905,-1.49979,0.07042885,true,true,true,true,true,1.0,1.0,1.0,1.0
"tx2-6267-6265-1:wnd1",2.399934,-0.1178503,-2.398809,0.15009642,true,true,true,true,true,1.0,1.0,1.0,1.0
"tx2-6268-6265-1:wnd1",1.4999628,-0.063085556,-1.499778,0.06709099,true,true,true,true,true,1.0,1.0,1.0,1.0
"tx2-6269-6265-1:wnd1",2.3999367,-0.11795759,-2.3987267,0.15243292,true,true,true,true,true,1.0,1.0,1.0,1.0
"tx2-6270-6265-1:wnd1",0.0,0.0,0.0,0.0,true,true,true,true,true,1.0,1.0,1.0,1.0
"tx2-6271-6265-1:wnd1",0.0,4.7683716E-5,0.0,-4.7683716E-5,true,true,true,true,true,1.0,1.0,1.0,1.0
"tx2-6272-6265-1:wnd1",-7.4505806E-7,0.0,-7.4505806E-7,0.0,true,true,true,true,true,1.0,1.0,1.0,1.0
"tx2-6273-6265-1:wnd1",-7.4505806E-7,0.0,-7.4505806E-7,0.0,true,true,true,true,true,1.0,1.0,1.0,1.0
"tx2-6274-6265-1:wnd1",2.7999337,-0.13713837,-2.7992167,0.17032623,true,true,true,true,true,1.0,1.0,1.0,1.0
"tx2-6278-6277-1:wnd1",-200.20786,-34.298325,200.40466,46.40999,true,true,true,true,true,1.0,1.0,1.0,1.0
"tx2-6280-6279-1:wnd1",-105.16447,-25.188828,105.28908,29.56009,true,true,true,true,true,1.0,1.0,1.0,1.0
"tx2-6286-6285-1:wnd1",-164.43527,28.694916,164.52303,-22.223282,true,true,true,true,true,1.0,1.0,1.0,1.0
"tx2-6288-6287-1:wnd1",-156.25247,-27.067566,156.403,37.070847,true,true,true,true,true,1.0,1.0,1.0,1.0
"tx2-6288-6287-2:wnd1",-156.25247,-27.067566,156.403,37.070847,true,true,true,true,true,1.0,1.0,1.0,1.0
"tx2-6293-6292-1:wnd1",-298.83884,-93.72406,299.03363,107.46689,true,true,true,true,true,1.0,1.0,1.0,1.0
"tx2-6295-6292-1:wnd1",61.977135,19.65561,-61.970257,-19.291687,true,true,true,true,true,1.0,1.0,1.0,1.0
"tx2-6296-6292-1:wnd1",61.97747,23.258972,-61.972,-22.938538,true,true,true,true,true,1.0,1.0,1.0,1.0
"tx2-6297-6292-1:wnd1",62.007404,8.397675,-61.996483,-7.6129913,true,true,true,true,true,1.0,1.0,1.0,1.0
"tx2-6294-6293-1:wnd1",-124.559364,-46.25244,124.663605,50.61493,true,true,true,true,true,1.0,1.0,1.0,1.0
"tx2-6299-6298-1:wnd1",-148.82458,-19.515228,148.86864,23.785782,true,true,true,true,true,1.0,1.0,1.0,1.0
"tx2-6301-6298-1:wnd1",0.0,-3.8146973E-4,0.0,-3.8146973E-4,true,true,true,true,true,1.0,1.0,1.0,1.0
"tx2-6302-6298-1:wnd1",185.58922,-2.181244,-185.49228,9.408569,true,true,true,true,true,1.0,1.0,1.0,1.0
"tx2-6303-6298-1:wnd1",74.309135,53.77655,-74.301025,-53.182983,true,true,true,true,true,1.0,1.0,1.0,1.0
"tx2-6304-6298-1:wnd1",74.3088,2.5981903,-74.294876,-1.6254425,true,true,true,true,true,1.0,1.0,1.0,1.0
"tx2-6305-6298-1:wnd1",74.30881,-3.5133362,-74.28895,4.6875,true,true,true,true,true,1.0,1.0,1.0,1.0
"tx2-6300-6299-1:wnd1",-54.175156,-7.413292,54.231133,9.395027,true,true,true,true,true,1.0,1.0,1.0,1.0
"tx2-6309-6308-1:wnd1",-81.53572,-7.538986,81.593765,11.77187,true,true,true,true,true,1.0,1.0,1.0,1.0
"tx2-6316-6315-1:wnd1",-58.12348,8.386326,58.17229,-5.7754517,true,true,true,true,true,1.0,1.0,1.0,1.0
"tx2-6319-6318-1:wnd1",-15.543169,-10.98671,15.55148,11.205673,true,true,true,true,true,1.0,1.0,1.0,1.0
"tx2-6322-6321-1:wnd1",-141.2017,-6.024933,141.43272,12.220001,true,true,true,true,true,1.0,1.0,1.0,1.0
"tx2-6334-6333-1:wnd1",-248.90985,-43.357468,249.11923,53.921127,true,true,true,true,true,1.0,1.0,1.0,1.0
"tx2-6335-6334-1:wnd1",-180.60922,-42.598724,180.8328,54.788017,true,true,true,true,true,1.0,1.0,1.0,1.0
"tx2-6343-6342-1:wnd1",-139.08517,-68.62717,139.14575,72.69516,true,true,true,true,true,1.0,1.0,1.0,1.0
"tx2-6344-6343-1:wnd1",-177.99277,-27.200699,178.08519,32.51915,true,true,true,true,true,1.0,1.0,1.0,1.0
"tx2-6344-6343-2:wnd1",-177.99277,-27.200699,178.08519,32.51915,true,true,true,true,true,1.0,1.0,1.0,1.0
"tx2-6347-6346-1:wnd1",-445.8079,-97.25189,445.97464,109.25903,true,true,true,true,true,1.0,1.0,1.0,1.0
"tx2-6348-6347-1:wnd1",-108.758354,-17.461014,108.847046,21.448135,true,true,true,true,true,1.0,1.0,1.0,1.0
"tx2-6350-6349-1:wnd1",-341.24423,-54.812622,341.4695,69.387054,true,true,true,true,true,1.0,1.0,1.0,1.0
"tx2-6351-6350-1:wnd1",-101.10783,-20.276451,101.30367,27.538109,true,true,true,true,true,1.0,1.0,1.0,1.0
"tx2-6351-6350-2:wnd1",-101.10783,-20.276451,101.30367,27.538109,true,true,true,true,true,1.0,1.0,1.0,1.0
"tx2-6355-6354-1:wnd1",-63.74641,-11.935806,63.778984,13.115692,true,true,true,true,true,1.0,1.0,1.0,1.0
"tx2-6355-6354-2:wnd1",-63.74641,-11.935806,63.778984,13.115692,true,true,true,true,true,1.0,1.0,1.0,1.0
"tx2-6360-6359-1:wnd1",-1.1625543,-13.140583,1.1676028,13.330936,true,true,true,true,true,1.0,1.0,1.0,1.0
"tx2-7003-7002-1:wnd1",-426.32788,-71.98181,426.72552,98.911285,true,true,true,true,true,1.0,1.0,1.0,1.0
"tx2-7005-7002-1:wnd1",162.99583,40.7547,-162.88885,-34.248352,true,true,true,true,true,1.0,1.0,1.0,1.0
"tx2-7006-7002-1:wnd1",162.9958,63.446808,-162.96179,-59.42993,true,true,true,true,true,1.0,1.0,1.0,1.0
"tx2-7007-7002-1:wnd1",162.99579,47.183228,-162.90529,-41.49971,true,true,true,true,true,1.0,1.0,1.0,1.0
"tx2-7008-7002-1:wnd1",162.99579,44.324875,-162.87709,-38.402176,true,true,true,true,true,1.0,1.0,1.0,1.0
"tx2-7009-7002-1:wnd1",162.99579,40.145874,-162.86812,-33.634567,true,true,true,true,true,1.0,1.0,1.0,1.0
"tx2-7004-7003-1:wnd1",-197.34723,-11.446381,197.69272,24.928665,true,true,true,true,true,1.0,1.0,1.0,1.0
"tx2-7004-7003-2:wnd1",-197.34723,-11.446381,197.69272,24.928665,true,true,true,true,true,1.0,1.0,1.0,1.0
"tx2-7004-7003-3:wnd1",-197.34723,-11.446381,197.69272,24.928665,true,true,true,true,true,1.0,1.0,1.0,1.0
"tx2-7015-7014-1:wnd1",0.0,4.7683716E-5,-2.9802322E-6,-4.7683716E-5,true,true,true,true,true,1.0,1.0,1.0,1.0
"tx2-7019-7018-1:wnd1",14.062134,-11.172295,-14.05912,11.309814,true,true,true,true,true,1.0,1.0,1.0,1.0
"tx2-7021-7018-1:wnd1",22.399498,8.507919,-22.395666,-8.212471,true,true,true,true,true,1.0,1.0,1.0,1.0
"tx2-7022-7018-1:wnd1",47.39887,21.397018,-47.380836,-19.936752,true,true,true,true,true,1.0,1.0,1.0,1.0
"tx2-7023-7018-1:wnd1",47.398804,19.70787,-47.384613,-18.824768,true,true,true,true,true,1.0,1.0,1.0,1.0
"tx2-7024-7018-1:wnd1",94.79753,35.07614,-94.778755,-33.922577,true,true,true,true,true,1.0,1.0,1.0,1.0
"tx2-7025-7018-1:wnd1",-1.4901161E-6,-9.536743E-5,2.9802322E-6,1.9073486E-4,true,true,true,true,true,1.0,1.0,1.0,1.0
"tx2-7020-7019-1:wnd1",-101.17558,-9.859848,101.25381,14.304543,true,true,true,true,true,1.0,1.0,1.0,1.0
"tx2-7030-7029-1:wnd1",-49.92234,-0.14791489,49.950623,2.252388,true,true,true,true,true,1.0,1.0,1.0,1.0
"tx2-7031-7029-1:wnd1",32.136833,-4.7683716E-5,-32.094543,1.8867493,true,true,true,true,true,1.0,1.0,1.0,1.0
"tx2-7032-7029-1:wnd1",8.282688,0.0,-8.277984,0.15630722,true,true,true,true,true,1.0,1.0,1.0,1.0
"tx2-7033-7029-1:wnd1",8.282701,4.7683716E-5,-8.278886,0.14452934,true,true,true,true,true,1.0,1.0,1.0,1.0
"tx2-7034-7029-1:wnd1",3.7252903E-7,4.7683716E-5,-7.4505806E-7,-2.3841858E-5,true,true,true,true,true,1.0,1.0,1.0,1.0
"tx2-7036-7035-1:wnd1",-142.75832,-26.349258,142.83722,30.81894,true,true,true,true,true,1.0,1.0,1.0,1.0
"tx2-7038-7037-1:wnd1",-338.7986,-62.394714,338.98502,73.98834,true,true,true,true,true,1.0,1.0,1.0,1.0
"tx2-7039-7038-1:wnd1",-233.73972,-13.098907,234.19812,27.387619,true,true,true,true,true,1.0,1.0,1.0,1.0
"tx2-7039-7038-2:wnd1",-233.73972,-13.098907,234.19812,27.387619,true,true,true,true,true,1.0,1.0,1.0,1.0
"tx2-7041-7040-1:wnd1",-165.72055,-19.528961,165.96791,28.873825,true,true,true,true,true,1.0,1.0,1.0,1.0
"tx2-7041-7040-2:wnd1",-165.72055,-19.528961,165.96791,28.873825,true,true,true,true,true,1.0,1.0,1.0,1.0
"tx2-7043-7042-1:wnd1",-77.18736,-42.7742,77.19347,43.466187,true,true,true,true,true,1.0,1.0,1.0,1.0
"tx2-7045-7042-1:wnd1",56.628372,82.107544,-56.601185,-80.278015,true,true,true,true,true,1.0,1.0,1.0,1.0
"tx2-7046-7042-1:wnd1",56.6283,81.61011,-56.615986,-80.75867,true,true,true,true,true,1.0,1.0,1.0,1.0
"tx2-7044-7043-1:wnd1",-53.035366,-23.514366,53.077435,25.419426,true,true,true,true,true,1.0,1.0,1.0,1.0
"tx2-7048-7047-1:wnd1",-381.95413,-61.32126,382.11655,73.41156,true,true,true,true,true,1.0,1.0,1.0,1.0
"tx2-7049-7048-1:wnd1",-257.57834,-4.520035,258.02817,22.070694,true,true,true,true,true,1.0,1.0,1.0,1.0
"tx2-7049-7048-2:wnd1",-257.57834,-4.520035,258.02817,22.070694,true,true,true,true,true,1.0,1.0,1.0,1.0
"tx2-7057-7056-1:wnd1",-116.82558,-19.949913,117.061745,27.248383,true,true,true,true,true,1.0,1.0,1.0,1.0
"tx2-7059-7058-1:wnd1",-114.53071,-2.7568817,114.556465,4.8210144,true,true,true,true,true,1.0,1.0,1.0,1.0
"tx2-7061-7058-1:wnd1",114.89703,1.9432068,-114.858246,1.222229,true,true,true,true,true,1.0,1.0,1.0,1.0
"tx2-7062-7058-1:wnd1",114.89694,3.3248901,-114.85818,-0.43182373,true,true,true,true,true,1.0,1.0,1.0,1.0
"tx2-7063-7058-1:wnd1",114.89712,2.1381378,-114.84673,0.9857178,true,true,true,true,true,1.0,1.0,1.0,1.0
"tx2-7064-7058-1:wnd1",114.89688,6.715393,-114.874886,-4.319763,true,true,true,true,true,1.0,1.0,1.0,1.0
"tx2-7065-7058-1:wnd1",114.89694,4.9461365,-114.856865,-2.3151398,true,true,true,true,true,1.0,1.0,1.0,1.0
"tx2-7066-7058-1:wnd1",114.89701,3.704071,-114.858246,-0.8769989,true,true,true,true,true,1.0,1.0,1.0,1.0
"tx2-7060-7059-1:wnd1",-40.175392,-3.2644272,40.202328,4.2181015,true,true,true,true,true,1.0,1.0,1.0,1.0
"tx2-7069-7068-1:wnd1",-70.033775,-8.521748,70.14803,12.075615,true,true,true,true,true,1.0,1.0,1.0,1.0
"tx2-7074-7073-1:wnd1",-88.934746,-13.627243,88.984116,16.634178,true,true,true,true,true,1.0,1.0,1.0,1.0
"tx2-7077-7076-1:wnd1",-949.7198,-158.00629,950.33685,198.46497,true,true,true,true,true,1.0,1.0,1.0,1.0
"tx2-7079-7076-1:wnd1",228.64394,37.39395,-228.52486,-29.081726,true,true,true,true,true,1.0,1.0,1.0,1.0
"tx2-7080-7076-1:wnd1",228.64384,29.811478,-228.46198,-19.2585,true,true,true,true,true,1.0,1.0,1.0,1.0
"tx2-7081-7076-1:wnd1",228.64394,30.386353,-228.49638,-19.733047,true,true,true,true,true,1.0,1.0,1.0,1.0
"tx2-7082-7076-1:wnd1",228.6438,36.113358,-228.50508,-27.59819,true,true,true,true,true,1.0,1.0,1.0,1.0
"tx2-7078-7077-1:wnd1",-164.28302,-23.43483,164.5797,35.738373,true,true,true,true,true,1.0,1.0,1.0,1.0
"tx2-7084-7083-1:wnd1",-149.7541,-24.864578,149.87447,31.685257,true,true,true,true,true,1.0,1.0,1.0,1.0
"tx2-7084-7083-2:wnd1",-149.7541,-24.864578,149.87447,31.685257,true,true,true,true,true,1.0,1.0,1.0,1.0
"tx2-7096-7095-1:wnd1",-107.37508,20.549774,107.401,-18.988037,true,true,true,true,true,1.0,1.0,1.0,1.0
"tx2-7098-7095-1:wnd1",1077.2505,150.81139,-1073.9379,202.44026,true,true,true,true,true,1.0,1.0,1.0,1.0
"tx2-7099-7095-1:wnd1",1077.249,-0.6126404,-1074.696,128.60718,true,true,true,true,true,1.0,1.0,1.0,1.0
"tx2-7097-7096-1:wnd1",-57.80432,3.5619736,57.83634,-1.8541336,true,true,true,true,true,1.0,1.0,1.0,1.0
"tx2-7105-7104-1:wnd1",-623.6935,-77.97623,624.15063,123.46115,true,true,true,true,true,1.0,1.0,1.0,1.0
"tx2-7107-7104-1:wnd1",149.99597,52.62146,-149.95828,-50.238037,true,true,true,true,true,1.0,1.0,1.0,1.0
"tx2-7108-7104-1:wnd1",50.998642,20.645714,-50.980175,-19.37542,true,true,true,true,true,1.0,1.0,1.0,1.0
"tx2-7109-7104-1:wnd1",50.998657,19.567108,-50.988136,-18.523788,true,true,true,true,true,1.0,1.0,1.0,1.0
"tx2-7110-7104-1:wnd1",195.9947,51.823044,-195.92628,-44.62242,true,true,true,true,true,1.0,1.0,1.0,1.0
"tx2-7111-7104-1:wnd1",195.99472,50.530624,-195.91896,-43.175507,true,true,true,true,true,1.0,1.0,1.0,1.0
"tx2-7112-7104-1:wnd1",195.99474,79.26483,-195.9286,-74.40796,true,true,true,true,true,1.0,1.0,1.0,1.0
"tx2-7113-7104-1:wnd1",195.99477,43.346786,-195.87932,-34.89113,true,true,true,true,true,1.0,1.0,1.0,1.0
"tx2-7114-7104-1:wnd1",195.9948,77.84119,-195.9207,-73.32001,true,true,true,true,true,1.0,1.0,1.0,1.0
"tx2-7115-7104-1:wnd1",195.99481,77.84271,-195.9289,-73.32001,true,true,true,true,true,1.0,1.0,1.0,1.0
"tx2-7106-7105-1:wnd1",-174.0685,-15.753555,174.22102,25.75779,true,true,true,true,true,1.0,1.0,1.0,1.0
"tx2-7106-7105-2:wnd1",-174.0685,-15.753555,174.22102,25.75779,true,true,true,true,true,1.0,1.0,1.0,1.0
"tx2-7121-7120-1:wnd1",0.0,4.7683716E-5,0.0,4.7683716E-5,true,true,true,true,true,1.0,1.0,1.0,1.0
"tx2-7122-7120-1:wnd1",0.0,0.0,0.0,0.0,true,true,true,true,true,1.0,1.0,1.0,1.0
"tx2-7126-7125-1:wnd1",-544.4975,-100.72479,544.8263,140.36865,true,true,true,true,true,1.0,1.0,1.0,1.0
"tx2-7126-7125-2:wnd1",-544.4975,-100.72479,544.8263,140.36865,true,true,true,true,true,1.0,1.0,1.0,1.0
"tx2-7127-7126-1:wnd1",-295.27884,-25.079346,295.4428,35.24475,true,true,true,true,true,1.0,1.0,1.0,1.0
"tx2-7127-7126-2:wnd1",-295.27884,-25.079346,295.4428,35.24475,true,true,true,true,true,1.0,1.0,1.0,1.0
"tx2-7127-7126-3:wnd1",-295.27884,-25.079346,295.4428,35.24475,true,true,true,true,true,1.0,1.0,1.0,1.0
"tx2-7127-7126-4:wnd1",-295.27884,-25.079346,295.4428,35.24475,true,true,true,true,true,1.0,1.0,1.0,1.0
"tx2-7131-7130-1:wnd1",-563.8324,-57.982635,564.7674,102.67563,true,true,true,true,true,1.0,1.0,1.0,1.0
"tx2-7133-7130-1:wnd1",16.29959,-1.5281677,-16.298422,1.6641617,true,true,true,true,true,1.0,1.0,1.0,1.0
"tx2-7134-7130-1:wnd1",206.54468,-21.827698,-206.46262,27.354431,true,true,true,true,true,1.0,1.0,1.0,1.0
"tx2-7135-7130-1:wnd1",206.54459,-22.05925,-206.44589,29.015732,true,true,true,true,true,1.0,1.0,1.0,1.0
"tx2-7136-7130-1:wnd1",206.54475,-22.140121,-206.44188,29.792786,true,true,true,true,true,1.0,1.0,1.0,1.0
"tx2-7137-7130-1:wnd1",206.54468,-22.166824,-206.36775,30.098343,true,true,true,true,true,1.0,1.0,1.0,1.0
"tx2-7138-7130-1:wnd1",114.408264,-40.708923,-114.39421,41.688538,true,true,true,true,true,1.0,1.0,1.0,1.0
"tx2-7139-7130-1:wnd1",58.99851,-6.228256,-58.96504,7.7871323,true,true,true,true,true,1.0,1.0,1.0,1.0
"tx2-7140-7130-1:wnd1",58.998444,-6.1689377,-58.984066,7.485199,true,true,true,true,true,1.0,1.0,1.0,1.0
"tx2-7141-7130-1:wnd1",58.998478,-5.966568,-58.986137,6.8279266,true,true,true,true,true,1.0,1.0,1.0,1.0
"tx2-7142-7130-1:wnd1",58.99851,-6.108284,-58.983467,7.2481155,true,true,true,true,true,1.0,1.0,1.0,1.0
"tx2-7132-7131-1:wnd1",-144.1288,-26.810837,144.36137,33.96225,true,true,true,true,true,1.0,1.0,1.0,1.0
"tx2-7132-7131-2:wnd1",-144.1288,-26.810837,144.36137,33.96225,true,true,true,true,true,1.0,1.0,1.0,1.0
"tx2-7146-7145-1:wnd1",10.199739,-1.1248589,-10.195016,1.345253,true,true,true,true,true,1.0,1.0,1.0,1.0
"tx2-7151-7150-1:wnd1",-55.838585,0.957489,55.872524,0.42610168,true,true,true,true,true,1.0,1.0,1.0,1.0
"tx2-7157-7156-1:wnd1",-202.61417,-17.410278,202.76599,26.883316,true,true,true,true,true,1.0,1.0,1.0,1.0
"tx2-7157-7156-2:wnd1",-202.61417,-17.410278,202.76599,26.883316,true,true,true,true,true,1.0,1.0,1.0,1.0
"tx2-7157-7156-3:wnd1",-202.61417,-17.410278,202.76599,26.883316,true,true,true,true,true,1.0,1.0,1.0,1.0
"tx2-7160-7159-1:wnd1",-632.7013,-123.42529,633.1134,144.19403,true,true,true,true,true,1.0,1.0,1.0,1.0
"tx2-7162-7159-1:wnd1",110.59716,10.0681305,-110.57074,-8.143234,true,true,true,true,true,1.0,1.0,1.0,1.0
"tx2-7163-7159-1:wnd1",110.59719,26.387405,-110.55478,-23.28186,true,true,true,true,true,1.0,1.0,1.0,1.0
"tx2-7164-7159-1:wnd1",110.597374,15.174866,-110.5768,-12.989426,true,true,true,true,true,1.0,1.0,1.0,1.0
"tx2-7165-7159-1:wnd1",110.59742,10.65979,-110.576965,-8.707428,true,true,true,true,true,1.0,1.0,1.0,1.0
"tx2-7166-7159-1:wnd1",110.59716,30.659485,-110.54275,-26.976776,true,true,true,true,true,1.0,1.0,1.0,1.0
"tx2-7167-7159-1:wnd1",110.59725,35.123062,-110.53297,-30.578423,true,true,true,true,true,1.0,1.0,1.0,1.0
"tx2-7168-7159-1:wnd1",87.717834,13.02948,-87.69874,-11.235809,true,true,true,true,true,1.0,1.0,1.0,1.0
"tx2-7169-7159-1:wnd1",87.71777,5.98526,-87.7057,-4.5410156,true,true,true,true,true,1.0,1.0,1.0,1.0
"tx2-7170-7159-1:wnd1",105.44293,114.7377,-105.406,-111.86752,true,true,true,true,true,1.0,1.0,1.0,1.0
"tx2-7161-7160-1:wnd1",-227.08449,-23.594284,227.2783,34.080887,true,true,true,true,true,1.0,1.0,1.0,1.0
"tx2-7161-7160-2:wnd1",-227.08449,-23.594284,227.2783,34.080887,true,true,true,true,true,1.0,1.0,1.0,1.0
"tx2-7161-7160-3:wnd1",-227.08449,-23.594284,227.2783,34.080887,true,true,true,true,true,1.0,1.0,1.0,1.0
"tx2-7172-7171-1:wnd1",-160.0397,-14.186096,160.10794,18.589783,true,true,true,true,true,1.0,1.0,1.0,1.0
"tx2-7176-7175-1:wnd1",-236.01999,-49.014282,236.1306,56.245422,true,true,true,true,true,1.0,1.0,1.0,1.0
"tx2-7176-7175-2:wnd1",-236.01999,-49.014282,236.1306,56.245422,true,true,true,true,true,1.0,1.0,1.0,1.0
"tx2-7177-7176-1:wnd1",-137.02374,-25.245476,137.2342,34.245872,true,true,true,true,true,1.0,1.0,1.0,1.0
"tx2-7177-7176-2:wnd1",-137.02374,-25.245476,137.2342,34.245872,true,true,true,true,true,1.0,1.0,1.0,1.0
"tx2-7177-7176-3:wnd1",-137.02374,-25.245476,137.2342,34.245872,true,true,true,true,true,1.0,1.0,1.0,1.0
"tx2-7185-7184-1:wnd1",-97.833466,-21.627426,97.90591,24.769592,true,true,true,true,true,1.0,1.0,1.0,1.0
"tx2-7185-7184-2:wnd1",-97.833466,-21.627426,97.90591,24.769592,true,true,true,true,true,1.0,1.0,1.0,1.0
"tx2-7185-7184-3:wnd1",-97.833466,-21.627426,97.90591,24.769592,true,true,true,true,true,1.0,1.0,1.0,1.0
"tx2-7187-7186-1:wnd1",-552.2739,-110.66971,552.70874,138.8382,true,true,true,true,true,1.0,1.0,1.0,1.0
"tx2-7187-7186-2:wnd1",-552.2739,-110.66971,552.70874,138.8382,true,true,true,true,true,1.0,1.0,1.0,1.0
"tx2-7189-7186-1:wnd1",6.8998365,-0.76847076,-6.8995566,0.78754425,true,true,true,true,true,1.0,1.0,1.0,1.0
"tx2-7190-7186-1:wnd1",47.99876,11.35025,-47.988174,-10.121155,true,true,true,true,true,1.0,1.0,1.0,1.0
"tx2-7191-7186-1:wnd1",-5.9604645E-6,-3.8146973E-4,5.9604645E-6,3.8146973E-4,true,true,true,true,true,1.0,1.0,1.0,1.0
"tx2-7192-7186-1:wnd1",34.999214,-1.1751175,-34.99335,1.6046524,true,true,true,true,true,1.0,1.0,1.0,1.0
"tx2-7193-7186-1:wnd1",7.499993,-0.82740784,-7.499737,0.84228516,true,true,true,true,true,1.0,1.0,1.0,1.0
"tx2-7194-7186-1:wnd1",230.94397,51.284027,-230.83844,-43.330383,true,true,true,true,true,1.0,1.0,1.0,1.0
"tx2-7195-7186-1:wnd1",230.94406,44.16008,-230.79297,-35.05249,true,true,true,true,true,1.0,1.0,1.0,1.0
"tx2-7196-7186-1:wnd1",230.9439,43.372345,-230.87582,-38.449097,true,true,true,true,true,1.0,1.0,1.0,1.0
"tx2-7197-7186-1:wnd1",230.94464,2.4795532,-230.90387,0.59814453,true,true,true,true,true,1.0,1.0,1.0,1.0
"tx2-7188-7187-1:wnd1",-360.68295,-31.874847,361.00952,55.898666,true,true,true,true,true,1.0,1.0,1.0,1.0
"tx2-7188-7187-2:wnd1",-360.68295,-31.874847,361.00952,55.898666,true,true,true,true,true,1.0,1.0,1.0,1.0
"tx2-7188-7187-3:wnd1",-360.71182,-31.482697,361.06458,55.50499,true,true,true,true,true,1.0,1.0,1.0,1.0
"tx2-7188-7187-4:wnd1",-360.71182,-31.482697,361.06458,55.50499,true,true,true,true,true,1.0,1.0,1.0,1.0
"tx2-7200-7199-1:wnd1",-398.12833,-66.87927,398.45444,89.90555,true,true,true,true,true,1.0,1.0,1.0,1.0
"tx2-7201-7200-1:wnd1",-126.56727,-2.4957657,126.66404,8.679771,true,true,true,true,true,1.0,1.0,1.0,1.0
"tx2-7201-7200-2:wnd1",-126.56727,-2.4957657,126.66404,8.679771,true,true,true,true,true,1.0,1.0,1.0,1.0
"tx2-7201-7200-3:wnd1",-126.56727,-2.4957657,126.66404,8.679771,true,true,true,true,true,1.0,1.0,1.0,1.0
"tx2-7205-7204-1:wnd1",-507.73535,-74.6788,508.08655,100.13962,true,true,true,true,true,1.0,1.0,1.0,1.0
"tx2-7207-7204-1:wnd1",0.0,0.0,0.0,0.0,true,true,true,true,true,1.0,1.0,1.0,1.0
"tx2-7208-7204-1:wnd1",229.89795,67.22412,-229.82898,-62.327576,true,true,true,true,true,1.0,1.0,1.0,1.0
"tx2-7209-7204-1:wnd1",229.898,97.74628,-229.8576,-94.05823,true,true,true,true,true,1.0,1.0,1.0,1.0
"tx2-7210-7204-1:wnd1",178.49521,28.09143,-178.35333,-21.487427,true,true,true,true,true,1.0,1.0,1.0,1.0
"tx2-7211-7204-1:wnd1",178.49521,39.437866,-178.41797,-34.57794,true,true,true,true,true,1.0,1.0,1.0,1.0
"tx2-7212-7204-1:wnd1",178.49532,25.613403,-178.37805,-17.926407,true,true,true,true,true,1.0,1.0,1.0,1.0
"tx2-7206-7205-1:wnd1",-66.20871,-8.214855,66.30785,12.199116,true,true,true,true,true,1.0,1.0,1.0,1.0
"tx2-7228-7227-1:wnd1",-632.0085,-70.07675,632.647,113.89542,true,true,true,true,true,1.0,1.0,1.0,1.0
"tx2-7229-7228-1:wnd1",-182.82596,-19.579315,182.97086,25.646973,true,true,true,true,true,1.0,1.0,1.0,1.0
"tx2-7229-7228-2:wnd1",-182.82596,-19.579315,182.97086,25.646973,true,true,true,true,true,1.0,1.0,1.0,1.0
"tx2-7229-7228-3:wnd1",-182.82596,-19.579315,182.97086,25.646973,true,true,true,true,true,1.0,1.0,1.0,1.0
"tx2-7253-7252-1:wnd1",-138.27159,-26.683998,138.4471,33.000183,true,true,true,true,true,1.0,1.0,1.0,1.0
"tx2-7262-7261-1:wnd1",-119.83725,-20.39299,119.92393,24.032974,true,true,true,true,true,1.0,1.0,1.0,1.0
"tx2-7264-7263-1:wnd1",-581.6508,-61.61499,582.0773,88.48114,true,true,true,true,true,1.0,1.0,1.0,1.0
"tx2-7264-7263-2:wnd1",-581.6508,-61.61499,582.0773,88.48114,true,true,true,true,true,1.0,1.0,1.0,1.0
"tx2-7266-7263-1:wnd1",304.59186,-33.805847,-304.47577,40.693665,true,true,true,true,true,1.0,1.0,1.0,1.0
"tx2-7267-7263-1:wnd1",90.63757,-10.057831,-90.58279,13.613319,true,true,true,true,true,1.0,1.0,1.0,1.0
"tx2-7268-7263-1:wnd1",90.63759,-10.054016,-90.621796,11.1579895,true,true,true,true,true,1.0,1.0,1.0,1.0
"tx2-7269-7263-1:wnd1",90.63757,-10.05764,-90.607414,13.256264,true,true,true,true,true,1.0,1.0,1.0,1.0
"tx2-7270-7263-1:wnd1",181.2751,-20.114136,-181.21504,23.918152,true,true,true,true,true,1.0,1.0,1.0,1.0
"tx2-7265-7264-1:wnd1",-244.23425,-31.906319,244.55156,51.24283,true,true,true,true,true,1.0,1.0,1.0,1.0
"tx2-7265-7264-2:wnd1",-244.23425,-31.906319,244.55156,51.24283,true,true,true,true,true,1.0,1.0,1.0,1.0
"tx2-7275-7274-1:wnd1",-19.142157,-0.65898895,19.151133,1.1126518,true,true,true,true,true,1.0,1.0,1.0,1.0
"tx2-7279-7278-1:wnd1",-53.047688,-8.334923,53.085052,10.615253,true,true,true,true,true,1.0,1.0,1.0,1.0
"tx2-7280-7278-1:wnd1",0.0,9.536743E-5,0.0,9.536743E-5,true,true,true,true,true,1.0,1.0,1.0,1.0
"tx2-7281-7278-1:wnd1",7.4505806E-7,0.0,7.4505806E-7,0.0,true,true,true,true,true,1.0,1.0,1.0,1.0
"tx2-7283-7282-1:wnd1",-94.753426,-19.199371,94.98956,25.765991,true,true,true,true,true,1.0,1.0,1.0,1.0
"tx2-7284-7282-1:wnd1",-7.4505806E-7,-2.3841858E-5,-7.4505806E-7,-2.3841858E-5,true,true,true,true,true,1.0,1.0,1.0,1.0
"tx2-7285-7282-1:wnd1",23.43999,-9.536743E-5,-23.432766,0.47216415,true,true,true,true,true,1.0,1.0,1.0,1.0
"tx2-7286-7282-1:wnd1",23.439957,9.536743E-5,-23.41123,1.0864735,true,true,true,true,true,1.0,1.0,1.0,1.0
"tx2-7287-7282-1:wnd1",23.439964,0.0,-23.422667,0.9407997,true,true,true,true,true,1.0,1.0,1.0,1.0
"tx2-7288-7282-1:wnd1",23.439976,0.0,-23.415354,1.0017395,true,true,true,true,true,1.0,1.0,1.0,1.0
"tx2-7289-7282-1:wnd1",46.879913,9.536743E-5,-46.847233,1.493454,true,true,true,true,true,1.0,1.0,1.0,1.0
"tx2-7305-7304-1:wnd1",-376.64838,-5.4489136,376.8832,22.593689,true,true,true,true,true,1.0,1.0,1.0,1.0
"tx2-7307-7304-1:wnd1",29.05046,18.029022,-29.04653,-17.786026,true,true,true,true,true,1.0,1.0,1.0,1.0
"tx2-7308-7304-1:wnd1",29.050291,16.05568,-29.048067,-15.836716,true,true,true,true,true,1.0,1.0,1.0,1.0
"tx2-7309-7304-1:wnd1",0.0,0.0,0.0,0.0,true,true,true,true,true,1.0,1.0,1.0,1.0
"tx2-7310-7304-1:wnd1",29.05041,30.737877,-29.039726,-30.093765,true,true,true,true,true,1.0,1.0,1.0,1.0
"tx2-7311-7304-1:wnd1",58.110767,40.584564,-58.101593,-40.018463,true,true,true,true,true,1.0,1.0,1.0,1.0
"tx2-7306-7305-1:wnd1",-120.092705,-12.977219,120.205414,19.832611,true,true,true,true,true,1.0,1.0,1.0,1.0
"tx2-7313-7312-1:wnd1",-105.489136,-18.498802,105.59851,25.956726,true,true,true,true,true,1.0,1.0,1.0,1.0
"tx2-7321-7320-1:wnd1",-299.50247,-28.454971,299.69934,42.8524,true,true,true,true,true,1.0,1.0,1.0,1.0
"tx2-7323-7320-1:wnd1",124.476814,-13.42926,-124.423836,16.569138,true,true,true,true,true,1.0,1.0,1.0,1.0
"tx2-7324-7320-1:wnd1",124.476746,-13.530731,-124.429535,17.785645,true,true,true,true,true,1.0,1.0,1.0,1.0
"tx2-7325-7320-1:wnd1",124.47677,-13.532639,-124.432495,17.81044,true,true,true,true,true,1.0,1.0,1.0,1.0
"tx2-7326-7320-1:wnd1",124.47665,-13.22937,-124.451706,15.304565,true,true,true,true,true,1.0,1.0,1.0,1.0
"tx2-7322-7321-1:wnd1",-78.314415,-13.641262,78.43572,18.06097,true,true,true,true,true,1.0,1.0,1.0,1.0
"tx2-7328-7327-1:wnd1",-51.194427,-10.561943,51.237404,11.702156,true,true,true,true,true,1.0,1.0,1.0,1.0
"tx2-7329-7327-1:wnd1",30.623037,31.01101,-30.604479,-30.153656,true,true,true,true,true,1.0,1.0,1.0,1.0
"tx2-7332-7331-1:wnd1",-172.59644,-57.36656,172.67348,62.81929,true,true,true,true,true,1.0,1.0,1.0,1.0
"tx2-7334-7331-1:wnd1",0.0,0.0,0.0,0.0,true,true,true,true,true,1.0,1.0,1.0,1.0
"tx2-7335-7331-1:wnd1",136.28609,159.12857,-136.21709,-155.35431,true,true,true,true,true,1.0,1.0,1.0,1.0
"tx2-7333-7332-1:wnd1",-209.78088,-22.130013,210.1935,39.37111,true,true,true,true,true,1.0,1.0,1.0,1.0
"tx2-7333-7332-2:wnd1",-209.78088,-22.130013,210.1935,39.37111,true,true,true,true,true,1.0,1.0,1.0,1.0
"tx2-7333-7332-3:wnd1",-209.78088,-22.130013,210.1935,39.37111,true,true,true,true,true,1.0,1.0,1.0,1.0
"tx2-7342-7341-1:wnd1",-442.14893,-66.53137,442.48422,91.22543,true,true,true,true,true,1.0,1.0,1.0,1.0
"tx2-7343-7342-1:wnd1",-94.82657,-20.393944,95.006096,28.468227,true,true,true,true,true,1.0,1.0,1.0,1.0
"tx2-7343-7342-2:wnd1",-94.82657,-20.393944,95.006096,28.468227,true,true,true,true,true,1.0,1.0,1.0,1.0
"tx2-7347-7346-1:wnd1",-391.6522,-93.03055,391.86887,108.28934,true,true,true,true,true,1.0,1.0,1.0,1.0
"tx2-7347-7346-2:wnd1",-391.6522,-93.03055,391.86887,108.28934,true,true,true,true,true,1.0,1.0,1.0,1.0
"tx2-7349-7346-1:wnd1",94.31335,90.34424,-94.30072,-89.453125,true,true,true,true,true,1.0,1.0,1.0,1.0
"tx2-7350-7346-1:wnd1",94.313126,49.668884,-94.29001,-48.256683,true,true,true,true,true,1.0,1.0,1.0,1.0
"tx2-7351-7346-1:wnd1",94.31317,37.2921,-94.28366,-35.59456,true,true,true,true,true,1.0,1.0,1.0,1.0
"tx2-7352-7346-1:wnd1",222.10803,40.38849,-221.94786,-32.59201,true,true,true,true,true,1.0,1.0,1.0,1.0
"tx2-7353-7346-1:wnd1",205.61621,55.805206,-205.53651,-50.756836,true,true,true,true,true,1.0,1.0,1.0,1.0
"tx2-7354-7346-1:wnd1",205.61575,101.39923,-205.58662,-98.14148,true,true,true,true,true,1.0,1.0,1.0,1.0
"tx2-7355-7346-1:wnd1",205.6157,100.52643,-205.58665,-97.24884,true,true,true,true,true,1.0,1.0,1.0,1.0
"tx2-7356-7346-1:wnd1",205.35655,109.47571,-205.2965,-106.425476,true,true,true,true,true,1.0,1.0,1.0,1.0
"tx2-7357-7346-1:wnd1",16.299633,-1.3820648,-16.297981,1.4839172,true,true,true,true,true,1.0,1.0,1.0,1.0
"tx2-7358-7346-1:wnd1",225.19397,33.829117,-225.05011,-23.622131,true,true,true,true,true,1.0,1.0,1.0,1.0
"tx2-7359-7346-1:wnd1",225.194,70.95032,-225.12698,-66.278076,true,true,true,true,true,1.0,1.0,1.0,1.0
"tx2-7360-7346-1:wnd1",225.19405,45.461273,-225.09155,-38.072968,true,true,true,true,true,1.0,1.0,1.0,1.0
"tx2-7361-7346-1:wnd1",102.69733,27.754974,-102.67012,-25.177002,true,true,true,true,true,1.0,1.0,1.0,1.0
"tx2-7348-7347-1:wnd1",-170.85995,-23.207092,171.03885,30.99327,true,true,true,true,true,1.0,1.0,1.0,1.0
"tx2-7348-7347-2:wnd1",-170.85995,-23.207092,171.03885,30.99327,true,true,true,true,true,1.0,1.0,1.0,1.0
"tx2-7367-7366-1:wnd1",-497.1593,-88.31558,497.6795,122.154236,true,true,true,true,true,1.0,1.0,1.0,1.0
"tx2-7367-7366-2:wnd1",-497.1593,-88.31558,497.6795,122.154236,true,true,true,true,true,1.0,1.0,1.0,1.0
"tx2-7369-7366-1:wnd1",107.26721,33.314896,-107.20539,-29.532242,true,true,true,true,true,1.0,1.0,1.0,1.0
"tx2-7370-7366-1:wnd1",107.26721,26.75457,-107.19377,-22.10102,true,true,true,true,true,1.0,1.0,1.0,1.0
"tx2-7371-7366-1:wnd1",107.267166,32.035255,-107.210396,-28.09143,true,true,true,true,true,1.0,1.0,1.0,1.0
"tx2-7372-7366-1:wnd1",107.267235,34.21707,-107.2098,-30.511475,true,true,true,true,true,1.0,1.0,1.0,1.0
"tx2-7373-7366-1:wnd1",107.26744,36.977386,-107.25541,-35.55298,true,true,true,true,true,1.0,1.0,1.0,1.0
"tx2-7374-7366-1:wnd1",107.26719,42.08069,-107.21808,-38.95073,true,true,true,true,true,1.0,1.0,1.0,1.0
"tx2-7375-7366-1:wnd1",183.65524,41.119766,-183.50786,-32.25174,true,true,true,true,true,1.0,1.0,1.0,1.0
"tx2-7376-7366-1:wnd1",183.65526,44.638443,-183.5397,-36.38954,true,true,true,true,true,1.0,1.0,1.0,1.0
"tx2-7377-7366-1:wnd1",183.65524,56.97174,-183.54926,-50.483704,true,true,true,true,true,1.0,1.0,1.0,1.0
"tx2-7378-7366-1:wnd1",183.65524,46.32759,-183.53584,-38.42125,true,true,true,true,true,1.0,1.0,1.0,1.0
"tx2-7379-7366-1:wnd1",183.65524,49.98665,-183.5514,-42.611694,true,true,true,true,true,1.0,1.0,1.0,1.0
"tx2-7368-7367-1:wnd1",-186.56816,-16.217804,186.86705,29.166794,true,true,true,true,true,1.0,1.0,1.0,1.0
"tx2-7368-7367-2:wnd1",-186.56816,-16.217804,186.86705,29.166794,true,true,true,true,true,1.0,1.0,1.0,1.0
"tx2-7368-7367-3:wnd1",-186.56816,-16.217804,186.86705,29.166794,true,true,true,true,true,1.0,1.0,1.0,1.0
"tx2-7390-7389-1:wnd1",-291.54483,-39.4722,291.714,49.54605,true,true,true,true,true,1.0,1.0,1.0,1.0
"tx2-7391-7390-1:wnd1",-39.100883,-13.937378,39.12752,14.728737,true,true,true,true,true,1.0,1.0,1.0,1.0
"tx2-7401-7400-1:wnd1",-578.6943,-91.43524,579.05914,117.50488,true,true,true,true,true,1.0,1.0,1.0,1.0
"tx2-7402-7401-1:wnd1",-201.19633,-21.998978,201.3942,35.0132,true,true,true,true,true,1.0,1.0,1.0,1.0
"tx2-7407-7406-1:wnd1",-79.83817,-10.173035,79.85089,11.089325,true,true,true,true,true,1.0,1.0,1.0,1.0
"tx2-7408-7407-1:wnd1",-49.531357,-19.73896,49.565475,22.06812,true,true,true,true,true,1.0,1.0,1.0,1.0
"tx2-7410-7409-1:wnd1",-159.54373,-23.626518,159.68602,33.964348,true,true,true,true,true,1.0,1.0,1.0,1.0
"tx2-7410-7409-2:wnd1",-159.54373,-23.626518,159.68602,33.964348,true,true,true,true,true,1.0,1.0,1.0,1.0
"tx2-7410-7409-3:wnd1",-159.54373,-23.626518,159.68602,33.964348,true,true,true,true,true,1.0,1.0,1.0,1.0
"tx2-7415-7414-1:wnd1",25.055992,-7.7192307,-25.053284,8.015442,true,true,true,true,true,1.0,1.0,1.0,1.0
"tx2-7416-7415-1:wnd1",-28.585417,-3.7112236,28.595976,4.5116425,true,true,true,true,true,1.0,1.0,1.0,1.0
"tx2-7421-7420-1:wnd1",-97.54578,-9.364796,97.65138,16.180801,true,true,true,true,true,1.0,1.0,1.0,1.0
"tx2-7421-7420-2:wnd1",-97.54578,-9.364796,97.65138,16.180801,true,true,true,true,true,1.0,1.0,1.0,1.0
"tx2-7423-7422-1:wnd1",-775.59766,-156.02417,776.4349,209.6672,true,true,true,true,true,1.0,1.0,1.0,1.0
"tx2-7424-7423-1:wnd1",-154.3602,-29.214859,154.61595,39.817238,true,true,true,true,true,1.0,1.0,1.0,1.0
"tx2-7424-7423-2:wnd1",-154.3602,-29.214859,154.61595,39.817238,true,true,true,true,true,1.0,1.0,1.0,1.0
"tx2-7424-7423-3:wnd1",-154.3602,-29.214859,154.61595,39.817238,true,true,true,true,true,1.0,1.0,1.0,1.0
"tx2-7429-7428-1:wnd1",-277.30707,-88.05237,277.51535,98.12698,true,true,true,true,true,1.0,1.0,1.0,1.0
"tx2-7430-7429-1:wnd1",-77.98138,-14.387608,78.112885,19.8493,true,true,true,true,true,1.0,1.0,1.0,1.0
"tx2-8005-8004-1:wnd1",-159.23135,30.989075,159.3115,-27.552032,true,true,true,true,true,1.0,1.0,1.0,1.0
"tx2-8005-8004-2:wnd1",-159.23135,30.989075,159.3115,-27.552032,true,true,true,true,true,1.0,1.0,1.0,1.0
"tx2-8019-8018-1:wnd1",-168.86496,17.552567,169.18855,-7.260132,true,true,true,true,true,1.0,1.0,1.0,1.0
"tx2-8019-8018-2:wnd1",-168.86496,17.552567,169.18855,-7.260132,true,true,true,true,true,1.0,1.0,1.0,1.0
"tx2-8024-8023-1:wnd1",11.387327,-4.7683716E-5,-11.372188,0.25758743,true,true,true,true,true,1.0,1.0,1.0,1.0
"tx2-8031-8030-1:wnd1",-117.22605,-17.076874,117.2362,18.27774,true,true,true,true,true,1.0,1.0,1.0,1.0
"tx2-8033-8030-1:wnd1",5.9604645E-6,3.8146973E-4,-5.9604645E-6,-7.6293945E-4,true,true,true,true,true,1.0,1.0,1.0,1.0
"tx2-8034-8030-1:wnd1",0.0,3.8146973E-4,0.0,3.8146973E-4,true,true,true,true,true,1.0,1.0,1.0,1.0
"tx2-8035-8030-1:wnd1",0.0,-3.8146973E-4,0.0,-3.8146973E-4,true,true,true,true,true,1.0,1.0,1.0,1.0
"tx2-8036-8030-1:wnd1",-5.9604645E-6,0.0,-5.9604645E-6,0.0,true,true,true,true,true,1.0,1.0,1.0,1.0
"tx2-8032-8031-1:wnd1",-201.64561,-2.3727417,202.06604,16.91742,true,true,true,true,true,1.0,1.0,1.0,1.0
"tx2-8044-8043-1:wnd1",-275.1788,-18.49823,275.24533,25.013733,true,true,true,true,true,1.0,1.0,1.0,1.0
"tx2-8046-8043-1:wnd1",44.686543,-19.158173,-44.68355,19.470215,true,true,true,true,true,1.0,1.0,1.0,1.0
"tx2-8047-8043-1:wnd1",0.0,-7.6293945E-4,2.3841858E-5,0.0015258789,true,true,true,true,true,1.0,1.0,1.0,1.0
"tx2-8048-8043-1:wnd1",44.686466,61.92131,-44.65639,-60.44922,true,true,true,true,true,1.0,1.0,1.0,1.0
"tx2-8049-8043-1:wnd1",44.686306,-19.151306,-44.682407,19.359589,true,true,true,true,true,1.0,1.0,1.0,1.0
"tx2-8050-8043-1:wnd1",-5.9604645E-6,0.0,1.7881393E-5,7.6293945E-4,true,true,true,true,true,1.0,1.0,1.0,1.0
"tx2-8051-8043-1:wnd1",-1.1920929E-5,-0.0015258789,3.5762787E-5,0.0015258789,true,true,true,true,true,1.0,1.0,1.0,1.0
"tx2-8045-8044-1:wnd1",-156.9086,-8.095169,157.0101,13.8988495,true,true,true,true,true,1.0,1.0,1.0,1.0
"tx2-8058-8057-1:wnd1",-8.320609,-20.414352,8.321508,20.511246,true,true,true,true,true,1.0,1.0,1.0,1.0
"tx2-8060-8057-1:wnd1",-1.1920929E-5,-7.6293945E-4,-1.1920929E-5,-7.6293945E-4,true,true,true,true,true,1.0,1.0,1.0,1.0
"tx2-8061-8057-1:wnd1",-1.1920929E-5,0.0,-1.1920929E-5,0.0,true,true,true,true,true,1.0,1.0,1.0,1.0
"tx2-8059-8058-1:wnd1",-39.3616,-2.4762154,39.390545,3.4659386,true,true,true,true,true,1.0,1.0,1.0,1.0
"tx2-8068-8067-1:wnd1",22.996754,9.379196,-22.99467,-9.174538,true,true,true,true,true,1.0,1.0,1.0,1.0
"tx2-8070-8067-1:wnd1",0.0,0.0,0.0,0.0,true,true,true,true,true,1.0,1.0,1.0,1.0
"tx2-8071-8067-1:wnd1",277.9512,-112.83646,-277.82565,122.24274,true,true,true,true,true,1.0,1.0,1.0,1.0
"tx2-8069-8068-1:wnd1",-18.525585,-4.352951,18.528193,4.5431137,true,true,true,true,true,1.0,1.0,1.0,1.0
"tx2-8075-8074-1:wnd1",-177.2258,-21.74759,177.31189,30.912018,true,true,true,true,true,1.0,1.0,1.0,1.0
"tx2-8075-8074-2:wnd1",-177.2258,-21.74759,177.31189,30.912018,true,true,true,true,true,1.0,1.0,1.0,1.0
"tx2-8077-8074-1:wnd1",234.89389,21.994781,-234.80992,-12.215805,true,true,true,true,true,1.0,1.0,1.0,1.0
"tx2-8078-8074-1:wnd1",234.89401,19.817734,-234.74211,-9.531021,true,true,true,true,true,1.0,1.0,1.0,1.0
"tx2-8079-8074-1:wnd1",234.8938,24.249268,-234.78868,-16.205597,true,true,true,true,true,1.0,1.0,1.0,1.0
"tx2-8080-8074-1:wnd1",234.89409,21.918106,-234.77867,-12.674713,true,true,true,true,true,1.0,1.0,1.0,1.0
"tx2-8076-8075-1:wnd1",-137.52824,-23.383522,137.71855,31.136513,true,true,true,true,true,1.0,1.0,1.0,1.0
"tx2-8083-8082-1:wnd1",-267.47067,-23.866272,267.68402,34.698486,true,true,true,true,true,1.0,1.0,1.0,1.0
"tx2-8087-8082-1:wnd1",-1.1920929E-5,0.0,-1.1920929E-5,0.0,true,true,true,true,true,1.0,1.0,1.0,1.0
"tx2-8088-8082-1:wnd1",269.7783,195.45593,-269.6962,-189.38904,true,true,true,true,true,1.0,1.0,1.0,1.0
"tx2-8084-8083-1:wnd1",-94.38436,-13.11245,94.593796,18.707848,true,true,true,true,true,1.0,1.0,1.0,1.0
"tx2-8086-8085-1:wnd1",-20.521,-4.0875435,20.528942,4.374981,true,true,true,true,true,1.0,1.0,1.0,1.0
"tx2-8095-8094-1:wnd1",-148.01262,-18.873787,148.1114,26.14212,true,true,true,true,true,1.0,1.0,1.0,1.0
"tx2-8098-8097-1:wnd1",-46.42519,-3.5429955,46.506046,5.7219505,true,true,true,true,true,1.0,1.0,1.0,1.0
"tx2-8099-8097-1:wnd1",29.503504,9.536743E-5,-29.47749,0.8330345,true,true,true,true,true,1.0,1.0,1.0,1.0
"tx2-8106-8105-1:wnd1",-91.44813,-15.791321,91.53085,20.74604,true,true,true,true,true,1.0,1.0,1.0,1.0
"tx2-8113-8112-1:wnd1",-122.78483,-90.26489,122.80526,91.355896,true,true,true,true,true,1.0,1.0,1.0,1.0
"tx2-8115-8112-1:wnd1",-2.9802322E-6,0.0,5.9604645E-6,3.8146973E-4,true,true,true,true,true,1.0,1.0,1.0,1.0
"tx2-8116-8112-1:wnd1",0.0,-7.6293945E-4,0.0,-7.6293945E-4,true,true,true,true,true,1.0,1.0,1.0,1.0
"tx2-8117-8112-1:wnd1",91.02092,21.466827,-90.99989,-20.526886,true,true,true,true,true,1.0,1.0,1.0,1.0
"tx2-8114-8113-1:wnd1",-86.703316,-12.453461,86.76152,14.838409,true,true,true,true,true,1.0,1.0,1.0,1.0
"tx2-8127-8126-1:wnd1",-219.75232,-22.732544,219.80302,26.40686,true,true,true,true,true,1.0,1.0,1.0,1.0
"tx2-8127-8126-2:wnd1",-219.75232,-22.732544,219.80302,26.40686,true,true,true,true,true,1.0,1.0,1.0,1.0
"tx2-8129-8126-1:wnd1",659.983,-24.435425,-659.6541,44.459534,true,true,true,true,true,1.0,1.0,1.0,1.0
"tx2-8130-8126-1:wnd1",659.98315,1.3999939,-658.9157,48.484802,true,true,true,true,true,1.0,1.0,1.0,1.0
"tx2-8131-8126-1:wnd1",659.9828,-16.362,-659.57196,41.87622,true,true,true,true,true,1.0,1.0,1.0,1.0
"tx2-8128-8127-1:wnd1",-158.87746,-12.116623,158.97409,17.378235,true,true,true,true,true,1.0,1.0,1.0,1.0
"tx2-8134-8133-1:wnd1",-114.35416,3.4454346,114.44022,1.084137,true,true,true,true,true,1.0,1.0,1.0,1.0
"tx2-8134-8133-2:wnd1",-114.35416,3.4454346,114.44022,1.084137,true,true,true,true,true,1.0,1.0,1.0,1.0
"tx2-8140-8139-1:wnd1",-173.6658,-13.722992,173.78745,21.99707,true,true,true,true,true,1.0,1.0,1.0,1.0
"tx2-8148-8147-1:wnd1",-85.53414,-10.618019,85.57017,13.290405,true,true,true,true,true,1.0,1.0,1.0,1.0
"tx2-8148-8147-2:wnd1",-85.53414,-10.618019,85.57017,13.290405,true,true,true,true,true,1.0,1.0,1.0,1.0
"tx2-8149-8148-1:wnd1",-81.95749,-5.8618546,82.13323,10.516739,true,true,true,true,true,1.0,1.0,1.0,1.0
"tx2-8156-8155-1:wnd1",259.0979,-78.326225,-258.5096,114.640236,true,true,true,true,true,1.0,1.0,1.0,1.0
"tx2-8157-8156-1:wnd1",-109.582565,14.8955345,109.74642,-6.4787865,true,true,true,true,true,1.0,1.0,1.0,1.0
"tx2-8159-8158-1:wnd1",-625.503,24.232483,626.03564,31.65512,true,true,true,true,true,1.0,1.0,1.0,1.0
"tx2-8160-8159-1:wnd1",-98.66789,2.001381,98.74954,3.1103134,true,true,true,true,true,1.0,1.0,1.0,1.0
"tx2-8160-8159-2:wnd1",-98.66789,2.001381,98.74954,3.1103134,true,true,true,true,true,1.0,1.0,1.0,1.0
"tx2-2075-2074-1:wnd1",0.0,0.0,0.0,0.0,true,true,true,true,true,1.0,1.0,1.0,1.0
"tx2-2132-2131-1:wnd1",-11.218001,6.917143,11.228034,-6.482744,true,true,true,true,true,1.0,1.0,1.0,1.0
"tx2-3090-3089-1:wnd1",-12.73452,-19.722748,12.739992,19.86618,true,true,true,true,true,1.0,1.0,1.0,1.0
"tx2-3135-3134-1:wnd1",24.842241,-3.7310123,-24.778986,5.1295757,true,true,true,true,true,1.0,1.0,1.0,1.0
"tx2-5061-5060-1:wnd1",-32.516323,15.398788,32.55429,-13.722372,true,true,true,true,true,1.0,1.0,1.0,1.0
"tx2-5062-5061-1:wnd1",-32.43702,-9.188652,32.516335,11.216497,true,true,true,true,true,1.0,1.0,1.0,1.0
"tx2-5242-5241-1:wnd1",0.0,0.0,0.0,0.0,true,true,true,true,true,1.0,1.0,1.0,1.0
"tx2-5392-5391-1:wnd1",-7.446316,-2.107811,7.4550653,2.2972107,true,true,true,true,true,1.0,1.0,1.0,1.0
"tx2-5398-5397-1:wnd1",-3.7252903E-7,-2.3841858E-5,3.7252903E-7,2.3841858E-5,true,true,true,true,true,1.0,1.0,1.0,1.0
"tx2-5460-5459-1:wnd1",-9.132295,-2.5865078,9.150042,2.9098272,true,true,true,true,true,1.0,1.0,1.0,1.0
"tx2-6317-6316-1:wnd1",-15.558422,-11.507988,15.565247,11.763382,true,true,true,true,true,1.0,1.0,1.0,1.0
"tx2-6318-6317-1:wnd1",-15.551477,-11.205864,15.558708,11.507797,true,true,true,true,true,1.0,1.0,1.0,1.0
"tx2-7161-7292-1:wnd1",145.15323,10.5659485,-144.84882,-8.600616,true,true,true,true,true,1.0,1.0,1.0,1.0
"tx2-8085-8084-1:wnd1",-20.528889,-4.3750763,20.532846,4.4826508,true,true,true,true,true,1.0,1.0,1.0,1.0
