"ID","MW","MWSetPoint","GeneratorOperatingMode","InService","MinOperatingMW","MaxOperatingMW","RampRate"
"gen-1004-1",158.24928,158.25,LFC,true,63.3,211.0,0.0
"gen-1006-1",25.729883,25.73,LFC,true,10.29,34.3,0.0
"gen-1009-1",61.86971,61.87,LFC,true,24.75,82.5,0.0
"gen-1011-1",9.971966,9.972,LFC,true,3.0,10.0,0.0
"gen-1021-1",149.62933,149.63,LFC,true,59.85,199.5,0.0
"gen-1023-1",134.99939,135.0,LFC,true,54.0,180.0,0.0
"gen-1026-1",93.14958,93.15,LFC,true,37.26,124.2,0.0
"gen-1033-1",208.49907,208.5,LFC,true,83.4,278.0,0.0
"gen-1035-1",67.499695,67.5,LFC,true,27.0,90.0,0.0
"gen-1039-1",110.6295,110.63,LFC,true,44.25,147.5,0.0
"gen-1042-1",0.0,0.0,OFF,false,36.57,121.9,0.0
"gen-1043-1",44.099796,44.1,LFC,true,17.64,58.8,0.0
"gen-1048-1",0.0,0.0,OFF,false,97.56,325.2,0.0
"gen-1049-1",0.0,0.0,OFF,false,97.56,325.2,0.0
"gen-1050-1",89.14969,89.15,LFC,true,26.82,89.4,0.0
"gen-1051-1",89.14969,89.15,LFC,true,26.82,89.4,0.0
"gen-1052-1",89.14969,89.15,LFC,true,26.82,89.4,0.0
"gen-1053-1",0.0,0.0,OFF,false,53.64,178.8,0.0
"gen-1057-1",0.0,0.0,OFF,false,36.0,120.0,0.0
"gen-1059-1",0.0,0.0,OFF,false,1.68,5.6,0.0
"gen-1060-1",0.0,0.0,OFF,false,0.6,2.0,0.0
"gen-1062-1",0.0,0.0,OFF,false,0.45,1.5,0.0
"gen-1063-1",0.0,0.0,OFF,false,69.0,230.0,0.0
"gen-1066-1",106.87949,106.88,LFC,true,42.75,142.5,0.0
"gen-1070-1",120.37945,120.38,LFC,true,48.15,160.5,0.0
"gen-1072-1",191.59334,191.594,LFC,true,57.64,192.13,0.0
"gen-1073-1",191.59334,191.594,LFC,true,57.64,192.13,0.0
"gen-1074-1",191.59334,191.594,LFC,true,57.64,192.13,0.0
"gen-1075-1",191.59334,191.594,LFC,true,57.64,192.13,0.0
"gen-1076-1",0.0,0.0,OFF,false,57.64,192.13,0.0
"gen-1077-1",0.0,0.0,OFF,false,57.64,192.13,0.0
"gen-1078-1",95.23267,95.233,LFC,true,28.65,95.5,0.0
"gen-1079-1",95.23267,95.233,LFC,true,28.65,95.5,0.0
"gen-1080-1",95.23267,95.233,LFC,true,28.65,95.5,0.0
"gen-1081-1",0.0,0.0,OFF,false,85.95,286.5,0.0
"gen-1082-1",112.49949,112.5,LFC,true,45.0,150.0,0.0
"gen-1084-1",86.619606,86.62,LFC,true,34.65,115.5,0.0
"gen-1088-1",56.249744,56.25,LFC,true,22.5,75.0,0.0
"gen-1090-1",114.36948,114.37,LFC,true,45.75,152.5,0.0
"gen-1090-2",26.999876,27.0,LFC,true,10.8,36.0,0.0
"gen-2004-1",0.0,0.0,OFF,false,117.54,391.8,0.0
"gen-2005-1",0.0,0.0,OFF,false,117.54,391.8,0.0
"gen-2006-1",0.0,0.0,OFF,false,117.54,391.8,0.0
"gen-2013-1",150.44931,150.45,LFC,true,60.18,200.6,0.0
"gen-2019-1",0.0,0.0,OFF,false,65.4,218.0,0.0
"gen-2023-1",83.09672,83.097,LFC,true,25.0,83.33,0.0
"gen-2024-1",166.20444,166.205,LFC,true,50.0,166.67,0.0
"gen-2042-1",59.699726,59.7,LFC,true,23.88,79.6,0.0
"gen-2056-1",0.0,0.0,OFF,false,1.8,6.0,0.0
"gen-2057-1",573.5725,573.575,LFC,true,216.0,720.0,0.0
"gen-2059-1",59.99973,60.0,LFC,true,24.0,80.0,0.0
"gen-2062-1",101.54953,101.55,LFC,true,40.62,135.4,0.0
"gen-2071-1",112.49949,112.5,LFC,true,45.0,150.0,0.0
"gen-2076-1",22.499897,22.5,LFC,true,9.0,30.0,0.0
"gen-2078-1",84.379616,84.38,LFC,true,33.75,112.5,0.0
"gen-2083-1",19.943932,19.944,LFC,true,6.0,20.0,0.0
"gen-2084-1",0.0,0.0,OFF,false,6.0,20.0,0.0
"gen-2085-1",0.0,0.0,OFF,false,12.0,40.0,0.0
"gen-2089-1",50.69977,50.7,LFC,true,20.28,67.6,0.0
"gen-2094-1",0.0,0.0,OFF,false,3.0,10.0,0.0
"gen-2095-1",0.0,0.0,OFF,false,23.85,79.5,0.0
"gen-2099-1",7.499966,7.5,LFC,true,3.0,10.0,0.0
"gen-2100-1",112.49949,112.5,LFC,true,45.0,150.0,0.0
"gen-2103-1",0.0,0.0,OFF,false,80.32,267.73,0.0
"gen-2104-1",0.0,0.0,OFF,false,80.32,267.73,0.0
"gen-2105-1",0.0,0.0,OFF,false,80.32,267.73,0.0
"gen-2115-1",184.20337,184.204,LFC,true,55.41,184.72,0.0
"gen-2116-1",184.20337,184.204,LFC,true,55.41,184.72,0.0
"gen-2117-1",184.20337,184.204,LFC,true,55.41,184.72,0.0
"gen-2118-1",184.20337,184.204,LFC,true,55.41,184.72,0.0
"gen-2119-1",184.20337,184.204,LFC,true,55.41,184.72,0.0
"gen-2120-1",184.20337,184.204,LFC,true,55.41,184.72,0.0
"gen-2123-1",136.27939,136.28,LFC,true,54.51,181.7,0.0
"gen-2127-1",216.44902,216.45,LFC,true,86.58,288.6,0.0
"gen-3004-1",28.12987,28.13,LFC,true,11.25,37.5,0.0
"gen-3017-1",127.12941,127.13,LFC,true,50.85,169.5,0.0
"gen-3020-1",112.49949,112.5,LFC,true,45.0,150.0,0.0
"gen-3028-1",149.99931,150.0,LFC,true,60.0,200.0,0.0
"gen-3034-1",97.86956,97.87,LFC,true,39.15,130.5,0.0
"gen-3039-1",156.74928,156.75,LFC,true,62.7,209.0,0.0
"gen-3043-1",0.0,0.0,OFF,false,0.39,1.3,0.0
"gen-3044-1",0.0,0.0,OFF,false,26.82,89.4,0.0
"gen-3045-1",0.0,0.0,OFF,false,134.1,447.0,0.0
"gen-3048-1",180.74918,180.75,LFC,true,72.3,241.0,0.0
"gen-3055-1",183.87917,183.88,LFC,true,73.55,245.17,0.0
"gen-3056-1",183.87917,183.88,LFC,true,73.55,245.17,0.0
"gen-3057-1",183.87917,183.88,LFC,true,73.55,245.17,0.0
"gen-3060-1",124.219444,124.22,LFC,true,49.69,165.63,0.0
"gen-3061-1",124.219444,124.22,LFC,true,49.69,165.63,0.0
"gen-3062-1",124.219444,124.22,LFC,true,49.69,165.63,0.0
"gen-3063-1",124.219444,124.22,LFC,true,49.69,165.63,0.0
"gen-3065-1",60.369724,60.37,LFC,true,24.15,80.5,0.0
"gen-3068-1",112.49949,112.5,LFC,true,45.0,150.0,0.0
"gen-3071-1",127.649414,127.65,LFC,true,51.06,170.2,0.0
"gen-3074-1",74.84966,74.85,LFC,true,29.94,99.8,0.0
"gen-3081-1",186.74913,186.75,LFC,true,74.7,249.0,0.0
"gen-3084-1",174.36919,174.37,LFC,true,69.75,232.5,0.0
"gen-3086-1",56.249744,56.25,LFC,true,22.5,75.0,0.0
"gen-3087-1",0.0,0.0,OFF,false,22.5,75.0,0.0
"gen-3092-1",149.99931,150.0,LFC,true,60.0,200.0,0.0
"gen-3095-1",90.449585,90.45,LFC,true,36.18,120.6,0.0
"gen-3098-1",119.99946,120.0,LFC,true,48.0,160.0,0.0
"gen-3105-1",44.499847,44.5,LFC,true,0.0,44.5,0.0
"gen-3106-1",53.018444,53.019,LFC,true,0.0,162.8,0.0
"gen-3110-1",62.999714,63.0,LFC,true,25.2,84.0,0.0
"gen-3112-1",56.099735,56.1,LFC,true,22.44,74.8,0.0
"gen-3113-1",56.099735,56.1,LFC,true,22.44,74.8,0.0
"gen-3117-1",47.249783,47.25,LFC,true,18.9,63.0,0.0
"gen-3118-1",89.99959,90.0,LFC,true,36.0,120.0,0.0
"gen-3120-1",29.699867,29.7,LFC,true,11.88,39.6,0.0
"gen-3122-1",147.74933,147.75,LFC,true,59.1,197.0,0.0
"gen-3127-1",101.24955,101.25,LFC,true,40.5,135.0,0.0
"gen-3129-1",94.87956,94.88,LFC,true,37.95,126.5,0.0
"gen-3131-1",85.49961,85.5,LFC,true,34.2,114.0,0.0
"gen-3133-1",0.0,0.0,OFF,false,15.39,51.3,0.0
"gen-3133-2",0.0,0.0,OFF,false,15.39,51.3,0.0
"gen-3133-3",0.0,0.0,OFF,false,15.39,51.3,0.0
"gen-3137-1",75.89966,75.9,LFC,true,30.36,101.2,0.0
"gen-3141-1",68.61969,68.62,LFC,true,27.45,91.5,0.0
"gen-4010-1",151.19931,151.2,LFC,true,60.48,201.6,0.0
"gen-4026-1",408.85358,408.855,LFC,true,123.0,410.0,0.0
"gen-4030-1",460.5579,460.56,LFC,true,186.72,622.4,0.0
"gen-4045-1",93.39968,93.4,LFC,true,0.0,93.4,0.0
"gen-4046-1",28.499905,28.5,LFC,true,0.0,28.5,0.0
"gen-4047-1",27.483332,27.484,LFC,true,0.0,195.7,0.0
"gen-4050-1",149.99931,150.0,LFC,true,60.0,200.0,0.0
"gen-4052-1",44.076847,44.077,LFC,true,13.26,44.2,0.0
"gen-4058-1",99.5995,99.6,LFC,true,43.2,144.0,0.0
"gen-4059-1",84.07851,84.079,LFC,true,43.2,144.0,0.0
"gen-4060-1",124.398506,124.399,LFC,true,43.2,144.0,0.0
"gen-4061-1",148.8724,148.873,LFC,true,51.7,172.33,0.0
"gen-4062-1",171.84842,171.849,LFC,true,51.7,172.33,0.0
"gen-4063-1",124.746414,124.747,LFC,true,51.7,172.33,0.0
"gen-4065-1",46.868835,46.869,LFC,true,14.1,47.0,0.0
"gen-4075-1",0.0,0.0,OFF,false,52.9,176.33,0.0
"gen-4076-1",175.8374,175.838,LFC,true,52.9,176.33,0.0
"gen-4077-1",97.060394,97.061,LFC,true,52.9,176.33,0.0
"gen-4082-1",242.71918,242.72,LFC,true,73.02,243.4,0.0
"gen-4083-1",242.71918,242.72,LFC,true,73.02,243.4,0.0
"gen-4084-1",242.71918,242.72,LFC,true,73.02,243.4,0.0
"gen-4085-1",168.04579,168.047,LFC,true,105.6,352.0,0.0
"gen-4090-1",0.0,0.0,OFF,false,0.42,1.4,0.0
"gen-4091-1",23.433918,23.434,LFC,true,7.05,23.5,0.0
"gen-4092-1",0.0,0.0,OFF,false,2.28,7.6,0.0
"gen-4093-1",27.921904,27.922,LFC,true,8.4,28.0,0.0
"gen-4094-1",27.921904,27.922,LFC,true,8.4,28.0,0.0
"gen-4095-1",27.921904,27.922,LFC,true,8.4,28.0,0.0
"gen-4096-1",0.0,0.0,OFF,false,8.4,28.0,0.0
"gen-4097-1",27.921904,27.922,LFC,true,8.4,28.0,0.0
"gen-4098-1",0.0,0.0,OFF,false,8.4,28.0,0.0
"gen-4105-1",134.99939,135.0,LFC,true,54.0,180.0,0.0
"gen-4115-1",131.43155,131.432,LFC,true,39.54,131.8,0.0
"gen-4116-1",123.761536,123.762,LFC,true,39.54,131.8,0.0
"gen-4133-1",0.0,0.0,OFF,false,10.08,33.6,0.0
"gen-4134-1",10.209886,10.21,LFC,true,10.08,33.6,0.0
"gen-4135-1",10.209886,10.21,LFC,true,10.08,33.6,0.0
"gen-4136-1",10.209886,10.21,LFC,true,10.08,33.6,0.0
"gen-4137-1",0.0,0.0,OFF,false,20.16,67.2,0.0
"gen-4138-1",0.0,0.0,OFF,false,19.8,66.0,0.0
"gen-4142-1",140.99934,141.0,LFC,true,56.4,188.0,0.0
"gen-4153-1",212.39903,212.4,LFC,true,84.96,283.2,0.0
"gen-4160-1",197.21732,197.218,LFC,true,59.33,197.77,0.0
"gen-4161-1",87.785324,87.786,LFC,true,59.33,197.77,0.0
"gen-4162-1",112.46232,112.463,LFC,true,59.33,197.77,0.0
"gen-4163-1",0.0,0.0,OFF,false,2.7,9.0,0.0
"gen-4166-1",150.74931,150.75,LFC,true,60.3,201.0,0.0
"gen-4177-1",112.49949,112.5,LFC,true,45.0,150.0,0.0
"gen-4181-1",150.06934,150.07,LFC,true,60.03,200.1,0.0
"gen-4183-1",152.24933,152.25,LFC,true,60.9,203.0,0.0
"gen-4192-1",74.79075,74.791,LFC,true,22.5,75.0,0.0
"gen-4192-10",183.25638,183.257,LFC,true,55.13,183.77,0.0
"gen-4192-2",0.0,0.0,OFF,false,7.2,24.0,0.0
"gen-4192-3",60.829796,60.83,LFC,true,18.3,61.0,0.0
"gen-4192-4",10.370965,10.371,LFC,true,3.12,10.4,0.0
"gen-4192-5",136.47708,136.478,LFC,true,80.1,267.0,0.0
"gen-4192-6",155.8951,155.896,LFC,true,80.1,267.0,0.0
"gen-4192-7",155.8951,155.896,LFC,true,80.1,267.0,0.0
"gen-4192-8",183.25638,183.257,LFC,true,55.13,183.77,0.0
"gen-4192-9",183.25638,183.257,LFC,true,55.13,183.77,0.0
"gen-4194-1",151.19931,151.2,LFC,true,60.48,201.6,0.0
"gen-4195-1",68.99969,69.0,LFC,true,27.6,92.0,0.0
"gen-5020-1",89.99959,90.0,LFC,true,36.0,120.0,0.0
"gen-5023-1",0.0,0.0,OFF,false,1.44,4.8,0.0
"gen-5035-1",0.0,0.0,OFF,false,1.26,4.2,0.0
"gen-5036-1",0.0,0.0,OFF,false,1.92,6.4,0.0
"gen-5037-1",93.73595,93.737,LFC,true,92.54,308.47,0.0
"gen-5038-1",93.73595,93.737,LFC,true,92.54,308.47,0.0
"gen-5039-1",93.73595,93.737,LFC,true,92.54,308.47,0.0
"gen-5040-1",93.73595,93.737,LFC,true,92.54,308.47,0.0
"gen-5041-1",93.73595,93.737,LFC,true,92.54,308.47,0.0
"gen-5042-1",93.73595,93.737,LFC,true,92.54,308.47,0.0
"gen-5051-1",84.462715,84.463,LFC,true,25.41,84.7,0.0
"gen-5057-1",0.0,0.0,OFF,false,95.2,317.35,0.0
"gen-5058-1",251.1629,251.164,LFC,true,95.2,317.35,0.0
"gen-5065-1",10.5699625,10.57,LFC,true,3.18,10.6,0.0
"gen-5066-1",0.0,0.0,OFF,false,0.54,1.8,0.0
"gen-5067-1",437.04446,437.046,LFC,true,131.48,438.27,0.0
"gen-5068-1",437.04446,437.046,LFC,true,131.48,438.27,0.0
"gen-5069-1",437.04446,437.046,LFC,true,131.48,438.27,0.0
"gen-5089-1",0.0,0.0,OFF,false,0.0,123.9,0.0
"gen-5106-1",0.0,0.0,OFF,false,3.24,10.8,0.0
"gen-5107-1",0.0,0.0,OFF,false,1.71,5.7,0.0
"gen-5166-1",126.146576,126.147,LFC,true,37.95,126.5,0.0
"gen-5167-1",1.5959946,1.596,LFC,true,0.48,1.6,0.0
"gen-5170-1",44.999794,45.0,LFC,true,18.0,60.0,0.0
"gen-5198-1",112.49949,112.5,LFC,true,45.0,150.0,0.0
"gen-5206-1",207.10318,207.104,LFC,true,74.6,248.67,0.0
"gen-5207-1",180.00616,180.007,LFC,true,74.6,248.67,0.0
"gen-5208-1",180.00616,180.007,LFC,true,74.6,248.67,0.0
"gen-5238-1",168.74924,168.75,LFC,true,67.5,225.0,0.0
"gen-5243-1",112.49949,112.5,LFC,true,45.0,150.0,0.0
"gen-5262-1",1211.6029,1211.607,LFC,true,364.5,1215.0,0.0
"gen-5263-1",1023.97577,1023.98,LFC,true,364.5,1215.0,0.0
"gen-5281-1",266.98108,266.982,LFC,true,80.32,267.73,0.0
"gen-5282-1",266.98108,266.982,LFC,true,80.32,267.73,0.0
"gen-5283-1",0.0,0.0,OFF,false,80.32,267.73,0.0
"gen-5297-1",0.0,0.0,OFF,false,0.96,3.2,0.0
"gen-5298-1",114.67861,114.679,LFC,true,34.5,115.0,0.0
"gen-5299-1",114.67861,114.679,LFC,true,34.5,115.0,0.0
"gen-5300-1",114.67861,114.679,LFC,true,34.5,115.0,0.0
"gen-5301-1",82.46873,82.469,LFC,true,24.81,82.7,0.0
"gen-5302-1",462.4534,462.455,LFC,true,139.13,463.75,0.0
"gen-5303-1",462.4534,462.455,LFC,true,139.13,463.75,0.0
"gen-5319-1",79.85911,79.86,LFC,true,78.84,262.8,0.0
"gen-5320-1",0.0,0.0,OFF,false,78.84,262.8,0.0
"gen-5321-1",79.85911,79.86,LFC,true,78.84,262.8,0.0
"gen-5324-1",283.27606,283.277,LFC,true,85.22,284.07,0.0
"gen-5325-1",283.27606,283.277,LFC,true,85.22,284.07,0.0
"gen-5326-1",283.27606,283.277,LFC,true,85.22,284.07,0.0
"gen-5342-1",8.399971,8.4,LFC,true,0.0,8.4,0.0
"gen-5343-1",207.49928,207.5,LFC,true,0.0,207.5,0.0
"gen-5360-1",1005.1816,1005.185,LFC,true,302.4,1008.0,0.0
"gen-5363-1",10.370965,10.371,LFC,true,3.12,10.4,0.0
"gen-5364-1",212.73325,212.734,LFC,true,64.0,213.33,0.0
"gen-5365-1",212.73325,212.734,LFC,true,64.0,213.33,0.0
"gen-5366-1",212.73325,212.734,LFC,true,64.0,213.33,0.0
"gen-5367-1",212.73325,212.734,LFC,true,64.0,213.33,0.0
"gen-5368-1",212.73325,212.734,LFC,true,64.0,213.33,0.0
"gen-5369-1",212.73325,212.734,LFC,true,64.0,213.33,0.0
"gen-5382-1",63.51029,63.511,LFC,true,62.7,209.0,0.0
"gen-5383-1",63.51029,63.511,LFC,true,62.7,209.0,0.0
"gen-5399-1",124.19944,124.2,LFC,true,49.68,165.6,0.0
"gen-5403-1",89.14969,89.15,LFC,true,26.82,89.4,0.0
"gen-5404-1",77.23069,77.231,LFC,true,26.82,89.4,0.0
"gen-5405-1",84.77069,84.771,LFC,true,26.82,89.4,0.0
"gen-5406-1",89.14969,89.15,LFC,true,26.82,89.4,0.0
"gen-5415-1",121.65858,121.659,LFC,true,36.6,122.0,0.0
"gen-5416-1",121.65858,121.659,LFC,true,36.6,122.0,0.0
"gen-5417-1",121.65858,121.659,LFC,true,36.6,122.0,0.0
"gen-5418-1",118.46758,118.468,LFC,true,35.64,118.8,0.0
"gen-5419-1",118.46758,118.468,LFC,true,35.64,118.8,0.0
"gen-5423-1",12.364958,12.365,LFC,true,3.72,12.4,0.0
"gen-5424-1",0.0,0.0,OFF,false,0.96,3.2,0.0
"gen-5444-1",0.0,0.0,OFF,false,86.7,289.0,0.0
"gen-5444-2",0.0,0.0,OFF,false,86.7,289.0,0.0
"gen-5444-3",0.0,0.0,OFF,false,86.7,289.0,0.0
"gen-5444-4",288.19205,288.193,LFC,true,86.7,289.0,0.0
"gen-5444-5",288.19205,288.193,LFC,true,86.7,289.0,0.0
"gen-5444-6",0.0,0.0,OFF,false,86.7,289.0,0.0
"gen-5444-7",140.9045,140.905,LFC,true,42.39,141.3,0.0
"gen-5444-8",140.9045,140.905,LFC,true,42.39,141.3,0.0
"gen-6006-1",212.40428,212.405,LFC,true,63.9,213.0,0.0
"gen-6007-1",0.0,0.0,OFF,false,127.8,426.0,0.0
"gen-6008-1",197.77533,197.776,LFC,true,59.5,198.33,0.0
"gen-6009-1",197.77533,197.776,LFC,true,59.5,198.33,0.0
"gen-6010-1",197.77533,197.776,LFC,true,59.5,198.33,0.0
"gen-6041-1",3.6129574E-4,0.0,LFC,true,0.0,53.4,0.0
"gen-6042-1",0.0021664205,0.0,LFC,true,0.0,320.2,0.0
"gen-6048-1",0.0,0.0,OFF,false,1.02,3.4,0.0
"gen-6049-1",0.0,0.0,OFF,false,2.88,9.6,0.0
"gen-6050-1",0.0,0.0,OFF,false,1.32,4.4,0.0
"gen-6051-1",57.239807,57.24,LFC,true,17.22,57.4,0.0
"gen-6052-1",0.0,0.0,OFF,false,17.22,57.4,0.0
"gen-6053-1",57.239807,57.24,LFC,true,17.22,57.4,0.0
"gen-6054-1",57.239807,57.24,LFC,true,17.22,57.4,0.0
"gen-6069-1",123.815384,123.816,LFC,true,54.41,181.37,0.0
"gen-6070-1",131.28937,131.29,LFC,true,54.41,181.37,0.0
"gen-6071-1",105.89738,105.898,LFC,true,54.41,181.37,0.0
"gen-6072-1",0.0,0.0,OFF,false,54.41,181.37,0.0
"gen-6073-1",131.28937,131.29,LFC,true,54.41,181.37,0.0
"gen-6074-1",131.28937,131.29,LFC,true,54.41,181.37,0.0
"gen-6078-1",477.29712,477.299,LFC,true,169.0,563.33,0.0
"gen-6079-1",328.91608,328.918,LFC,true,169.0,563.33,0.0
"gen-6080-1",328.91608,328.918,LFC,true,169.0,563.33,0.0
"gen-6082-1",41.37278,41.373,LFC,true,0.0,65.3,0.0
"gen-6083-1",65.29978,65.3,LFC,true,0.0,65.3,0.0
"gen-6085-1",1.0499952,1.05,LFC,true,0.42,1.4,0.0
"gen-6086-1",22.499897,22.5,LFC,true,9.0,30.0,0.0
"gen-6087-1",0.0,0.0,OFF,false,1.65,5.5,0.0
"gen-6088-1",7.949963,7.95,LFC,true,3.18,10.6,0.0
"gen-6089-1",10.419952,10.42,LFC,true,4.17,13.9,0.0
"gen-6090-1",30.519863,30.52,LFC,true,12.21,40.7,0.0
"gen-6104-1",60.330795,60.331,LFC,true,18.15,60.5,0.0
"gen-6105-1",60.330795,60.331,LFC,true,18.15,60.5,0.0
"gen-6106-1",120.66159,120.662,LFC,true,36.3,121.0,0.0
"gen-6110-1",301.175,301.177,LFC,true,177.18,590.6,0.0
"gen-6111-1",293.62473,293.627,LFC,true,198.45,661.5,0.0
"gen-6144-1",0.0,0.0,OFF,false,2.52,8.4,0.0
"gen-6145-1",322.84946,322.851,LFC,true,133.8,446.0,0.0
"gen-6146-1",322.84946,322.851,LFC,true,133.8,446.0,0.0
"gen-6147-1",283.2138,283.217,LFC,true,279.6,932.0,0.0
"gen-6148-1",0.0,0.0,OFF,false,216.6,722.0,0.0
"gen-6149-1",219.39952,219.402,LFC,true,216.6,722.0,0.0
"gen-6164-1",71.43119,71.432,LFC,true,70.52,235.05,0.0
"gen-6165-1",71.43119,71.432,LFC,true,70.52,235.05,0.0
"gen-6166-1",71.43119,71.432,LFC,true,70.52,235.05,0.0
"gen-6167-1",71.43119,71.432,LFC,true,70.52,235.05,0.0
"gen-6213-1",177.89938,177.9,LFC,true,0.0,177.9,0.0
"gen-6214-1",552.2981,552.3,LFC,true,0.0,552.3,0.0
"gen-6215-1",552.2981,552.3,LFC,true,0.0,552.3,0.0
"gen-6216-1",552.2981,552.3,LFC,true,0.0,552.3,0.0
"gen-6242-1",60.829796,60.83,LFC,true,18.3,61.0,0.0
"gen-6243-1",182.48839,182.489,LFC,true,54.9,183.0,0.0
"gen-6244-1",297.16696,297.168,LFC,true,89.4,298.0,0.0
"gen-6245-1",297.16696,297.168,LFC,true,89.4,298.0,0.0
"gen-6246-1",297.16696,297.168,LFC,true,89.4,298.0,0.0
"gen-6247-1",182.81737,182.818,LFC,true,55.0,183.33,0.0
"gen-6248-1",182.81737,182.818,LFC,true,55.0,183.33,0.0
"gen-6249-1",182.81737,182.818,LFC,true,55.0,183.33,0.0
"gen-6257-1",58.95234,58.953,LFC,true,58.2,194.0,0.0
"gen-6258-1",106.95832,106.959,LFC,true,58.2,194.0,0.0
"gen-6259-1",0.0,0.0,OFF,false,15.42,51.4,0.0
"gen-6260-1",78.096115,78.097,LFC,true,77.1,257.0,0.0
"gen-6266-1",4.4999847,4.5,LFC,true,0.0,4.5,0.0
"gen-6267-1",7.199975,7.2,LFC,true,0.0,7.2,0.0
"gen-6268-1",4.4999847,4.5,LFC,true,0.0,4.5,0.0
"gen-6269-1",7.199975,7.2,LFC,true,0.0,7.2,0.0
"gen-6270-1",0.0,0.0,OFF,false,0.0,18.0,0.0
"gen-6271-1",0.0,0.0,OFF,false,0.0,11.0,0.0
"gen-6272-1",0.0,0.0,OFF,false,0.0,7.2,0.0
"gen-6273-1",0.0,0.0,OFF,false,0.0,7.2,0.0
"gen-6274-1",8.399971,8.4,LFC,true,0.0,8.4,0.0
"gen-6295-1",62.669296,62.67,LFC,true,61.87,206.23,0.0
"gen-6296-1",62.669296,62.67,LFC,true,61.87,206.23,0.0
"gen-6297-1",62.6993,62.7,LFC,true,61.9,206.23,0.0
"gen-6301-1",0.0,0.0,OFF,false,0.96,3.2,0.0
"gen-6302-1",246.55914,246.56,LFC,true,74.18,247.25,0.0
"gen-6303-1",213.82515,213.826,LFC,true,74.18,247.25,0.0
"gen-6304-1",246.55914,246.56,LFC,true,74.18,247.25,0.0
"gen-6305-1",246.55914,246.56,LFC,true,74.18,247.25,0.0
"gen-6349-1",0.0,0.0,OFF,false,3.6,12.0,0.0
"gen-6349-10",0.0,0.0,OFF,false,15.45,51.5,0.0
"gen-6349-11",31.299644,31.3,LFC,true,30.9,103.0,0.0
"gen-6349-2",0.0,0.0,OFF,false,0.69,2.3,0.0
"gen-6349-3",0.0,0.0,OFF,false,1.38,4.6,0.0
"gen-6349-4",0.0,0.0,OFF,false,0.45,1.5,0.0
"gen-6349-5",0.0,0.0,OFF,false,1.2,4.0,0.0
"gen-6349-6",0.0,0.0,OFF,false,1.92,6.4,0.0
"gen-6349-7",110.30776,110.309,LFC,true,108.9,363.0,0.0
"gen-6349-8",110.30776,110.309,LFC,true,108.9,363.0,0.0
"gen-6349-9",0.0,0.0,OFF,false,15.45,51.5,0.0
"gen-7005-1",162.54443,162.545,LFC,true,48.9,163.0,0.0
"gen-7006-1",162.54443,162.545,LFC,true,48.9,163.0,0.0
"gen-7007-1",162.54443,162.545,LFC,true,48.9,163.0,0.0
"gen-7008-1",162.54443,162.545,LFC,true,48.9,163.0,0.0
"gen-7009-1",162.54443,162.545,LFC,true,48.9,163.0,0.0
"gen-7015-1",0.0,0.0,OFF,false,1.2,4.0,0.0
"gen-7021-1",22.336924,22.337,LFC,true,6.72,22.4,0.0
"gen-7022-1",47.267838,47.268,LFC,true,14.22,47.4,0.0
"gen-7023-1",47.267838,47.268,LFC,true,14.22,47.4,0.0
"gen-7024-1",94.534676,94.535,LFC,true,28.44,94.8,0.0
"gen-7025-1",0.0,0.0,OFF,false,0.96,3.2,0.0
"gen-7031-1",29.099867,29.1,LFC,true,11.64,38.8,0.0
"gen-7032-1",7.499966,7.5,LFC,true,3.0,10.0,0.0
"gen-7033-1",7.499966,7.5,LFC,true,3.0,10.0,0.0
"gen-7034-1",0.0,0.0,OFF,false,1.32,4.4,0.0
"gen-7045-1",187.92336,187.924,LFC,true,56.53,188.45,0.0
"gen-7046-1",187.92336,187.924,LFC,true,56.53,188.45,0.0
"gen-7061-1",67.0876,67.088,LFC,true,34.47,114.9,0.0
"gen-7062-1",67.0876,67.088,LFC,true,34.47,114.9,0.0
"gen-7063-1",67.0876,67.088,LFC,true,34.47,114.9,0.0
"gen-7064-1",83.17361,83.174,LFC,true,34.47,114.9,0.0
"gen-7065-1",83.17361,83.174,LFC,true,34.47,114.9,0.0
"gen-7066-1",68.10361,68.104,LFC,true,34.47,114.9,0.0
"gen-7079-1",159.88422,159.885,LFC,true,68.59,228.65,0.0
"gen-7080-1",165.51222,165.513,LFC,true,68.59,228.65,0.0
"gen-7081-1",165.51222,165.513,LFC,true,68.59,228.65,0.0
"gen-7082-1",165.51222,165.513,LFC,true,68.59,228.65,0.0
"gen-7098-1",1240.6735,1240.678,LFC,true,406.29,1354.3,0.0
"gen-7099-1",1350.5145,1350.519,LFC,true,406.29,1354.3,0.0
"gen-7107-1",149.58047,149.581,LFC,true,45.0,150.0,0.0
"gen-7108-1",50.85783,50.858,LFC,true,15.3,51.0,0.0
"gen-7109-1",50.85783,50.858,LFC,true,15.3,51.0,0.0
"gen-7110-1",195.45235,195.453,LFC,true,58.8,196.0,0.0
"gen-7111-1",195.45235,195.453,LFC,true,58.8,196.0,0.0
"gen-7112-1",195.45235,195.453,LFC,true,58.8,196.0,0.0
"gen-7113-1",195.45235,195.453,LFC,true,58.8,196.0,0.0
"gen-7114-1",195.45235,195.453,LFC,true,58.8,196.0,0.0
"gen-7115-1",195.45235,195.453,LFC,true,58.8,196.0,0.0
"gen-7121-1",0.0,0.0,OFF,false,1.11,3.7,0.0
"gen-7122-1",0.0,0.0,OFF,false,1.29,4.3,0.0
"gen-7133-1",16.253944,16.254,LFC,true,4.89,16.3,0.0
"gen-7134-1",205.97232,205.973,LFC,true,61.97,206.55,0.0
"gen-7135-1",205.97232,205.973,LFC,true,61.97,206.55,0.0
"gen-7136-1",205.97232,205.973,LFC,true,61.97,206.55,0.0
"gen-7137-1",205.97232,205.973,LFC,true,61.97,206.55,0.0
"gen-7138-1",379.63568,379.637,LFC,true,114.21,380.7,0.0
"gen-7139-1",58.834793,58.835,LFC,true,17.7,59.0,0.0
"gen-7140-1",58.834793,58.835,LFC,true,17.7,59.0,0.0
"gen-7141-1",58.834793,58.835,LFC,true,17.7,59.0,0.0
"gen-7142-1",58.834793,58.835,LFC,true,17.7,59.0,0.0
"gen-7146-1",10.171965,10.172,LFC,true,3.06,10.2,0.0
"gen-7162-1",110.290634,110.291,LFC,true,33.18,110.6,0.0
"gen-7163-1",110.290634,110.291,LFC,true,33.18,110.6,0.0
"gen-7164-1",110.290634,110.291,LFC,true,33.18,110.6,0.0
"gen-7165-1",110.290634,110.291,LFC,true,33.18,110.6,0.0
"gen-7166-1",110.290634,110.291,LFC,true,33.18,110.6,0.0
"gen-7167-1",110.290634,110.291,LFC,true,33.2,110.6,0.0
"gen-7168-1",87.47469,87.475,LFC,true,26.32,87.72,0.0
"gen-7169-1",87.47469,87.475,LFC,true,26.3,87.72,0.0
"gen-7170-1",333.75482,333.756,LFC,true,105.26,350.87,0.0
"gen-7189-1",6.880976,6.881,LFC,true,2.07,6.9,0.0
"gen-7190-1",47.865837,47.866,LFC,true,14.4,48.0,0.0
"gen-7191-1",0.0,0.0,OFF,false,1.5,5.0,0.0
"gen-7192-1",34.90188,34.902,LFC,true,10.5,35.0,0.0
"gen-7193-1",7.478975,7.479,LFC,true,2.25,7.5,0.0
"gen-7194-1",230.30421,230.305,LFC,true,69.28,230.95,0.0
"gen-7195-1",230.30421,230.305,LFC,true,69.28,230.95,0.0
"gen-7196-1",230.30421,230.305,LFC,true,69.28,230.95,0.0
"gen-7197-1",230.30421,230.305,LFC,true,69.28,230.95,0.0
"gen-7207-1",0.0,0.0,OFF,false,1.2,4.0,0.0
"gen-7208-1",762.8614,762.864,LFC,true,229.5,765.0,0.0
"gen-7209-1",762.8614,762.864,LFC,true,229.5,765.0,0.0
"gen-7210-1",178.00137,178.002,LFC,true,53.55,178.5,0.0
"gen-7211-1",178.00137,178.002,LFC,true,53.55,178.5,0.0
"gen-7212-1",178.00137,178.002,LFC,true,53.55,178.5,0.0
"gen-7266-1",303.74792,303.749,LFC,true,91.38,304.6,0.0
"gen-7267-1",90.38669,90.387,LFC,true,27.19,90.64,0.0
"gen-7268-1",90.38669,90.387,LFC,true,27.19,90.64,0.0
"gen-7269-1",90.38669,90.387,LFC,true,27.19,90.64,0.0
"gen-7270-1",180.77338,180.774,LFC,true,54.38,181.28,0.0
"gen-7280-1",0.0,0.0,OFF,false,7.71,25.7,0.0
"gen-7281-1",0.0,0.0,OFF,false,4.5,15.0,0.0
"gen-7284-1",0.0,0.0,OFF,false,2.25,7.5,0.0
"gen-7285-1",21.219904,21.22,LFC,true,8.49,28.3,0.0
"gen-7286-1",21.219904,21.22,LFC,true,8.49,28.3,0.0
"gen-7287-1",21.219904,21.22,LFC,true,8.49,28.3,0.0
"gen-7288-1",21.219904,21.22,LFC,true,8.49,28.3,0.0
"gen-7289-1",42.44981,42.45,LFC,true,16.98,56.6,0.0
"gen-7307-1",96.409676,96.41,LFC,true,29.0,96.68,0.0
"gen-7308-1",96.409676,96.41,LFC,true,29.0,96.68,0.0
"gen-7309-1",0.0,0.0,OFF,false,29.0,96.68,0.0
"gen-7310-1",96.409676,96.41,LFC,true,29.0,96.68,0.0
"gen-7311-1",192.82933,192.83,LFC,true,58.01,193.37,0.0
"gen-7323-1",37.822575,37.823,LFC,true,37.34,124.48,0.0
"gen-7324-1",37.822575,37.823,LFC,true,37.34,124.48,0.0
"gen-7325-1",37.822575,37.823,LFC,true,37.34,124.48,0.0
"gen-7326-1",37.822575,37.823,LFC,true,37.34,124.48,0.0
"gen-7329-1",30.964651,30.965,LFC,true,30.57,101.9,0.0
"gen-7334-1",0.0,0.0,OFF,false,1.41,4.7,0.0
"gen-7335-1",137.80844,137.81,LFC,true,136.05,453.5,0.0
"gen-7349-1",312.95297,312.954,LFC,true,94.15,313.83,0.0
"gen-7350-1",312.95297,312.954,LFC,true,94.15,313.83,0.0
"gen-7351-1",312.95297,312.954,LFC,true,94.15,313.83,0.0
"gen-7352-1",312.95297,312.954,LFC,true,94.15,313.83,0.0
"gen-7353-1",594.83875,594.841,LFC,true,205.26,684.2,0.0
"gen-7354-1",591.06476,591.067,LFC,true,205.26,684.2,0.0
"gen-7355-1",591.06476,591.067,LFC,true,205.26,684.2,0.0
"gen-7356-1",591.0127,591.015,LFC,true,205.0,684.2,0.0
"gen-7357-1",16.253944,16.254,LFC,true,4.89,16.3,0.0
"gen-7358-1",224.57022,224.571,LFC,true,67.56,225.2,0.0
"gen-7359-1",224.57022,224.571,LFC,true,67.56,225.2,0.0
"gen-7360-1",224.57022,224.571,LFC,true,67.56,225.2,0.0
"gen-7361-1",102.41264,102.413,LFC,true,30.81,102.7,0.0
"gen-7369-1",106.96963,106.97,LFC,true,32.18,107.27,0.0
"gen-7370-1",106.96963,106.97,LFC,true,32.18,107.27,0.0
"gen-7371-1",106.96963,106.97,LFC,true,32.18,107.27,0.0
"gen-7372-1",106.96963,106.97,LFC,true,32.18,107.27,0.0
"gen-7373-1",106.96963,106.97,LFC,true,32.18,107.27,0.0
"gen-7374-1",106.96963,106.97,LFC,true,32.18,107.27,0.0
"gen-7375-1",183.14636,183.147,LFC,true,55.1,183.66,0.0
"gen-7376-1",183.14636,183.147,LFC,true,55.1,183.66,0.0
"gen-7377-1",183.14636,183.147,LFC,true,55.1,183.66,0.0
"gen-7378-1",183.14636,183.147,LFC,true,55.1,183.66,0.0
"gen-7379-1",183.14636,183.147,LFC,true,55.1,183.66,0.0
"gen-7389-1",541.2821,541.284,LFC,true,162.84,542.8,0.0
"gen-7400-1",71.79875,71.799,LFC,true,21.6,72.0,0.0
"gen-7400-2",71.79875,71.799,LFC,true,21.6,72.0,0.0
"gen-7400-3",71.79875,71.799,LFC,true,21.6,72.0,0.0
"gen-7400-4",71.79875,71.799,LFC,true,21.6,72.0,0.0
"gen-7400-5",143.5975,143.598,LFC,true,43.2,144.0,0.0
"gen-7400-6",445.15247,445.154,LFC,true,133.92,446.4,0.0
"gen-7406-1",62.92378,62.924,LFC,true,18.93,63.1,0.0
"gen-7406-2",309.13297,309.134,LFC,true,93.0,310.0,0.0
"gen-7414-1",102.113655,102.114,LFC,true,30.72,102.4,0.0
"gen-7419-1",87.953705,87.954,LFC,true,26.46,88.2,0.0
"gen-7419-2",87.953705,87.954,LFC,true,26.46,88.2,0.0
"gen-7422-1",2.0659766,2.066,LFC,true,2.04,6.8,0.0
"gen-7422-10",52.327408,52.328,LFC,true,51.66,172.2,0.0
"gen-7422-11",52.327408,52.328,LFC,true,51.66,172.2,0.0
"gen-7422-2",34.186615,34.187,LFC,true,33.75,112.5,0.0
"gen-7422-3",34.186615,34.187,LFC,true,33.75,112.5,0.0
"gen-7422-4",34.186615,34.187,LFC,true,33.75,112.5,0.0
"gen-7422-5",34.186615,34.187,LFC,true,33.75,112.5,0.0
"gen-7422-6",58.071346,58.072,LFC,true,57.33,191.1,0.0
"gen-7422-7",52.327408,52.328,LFC,true,51.66,172.2,0.0
"gen-7422-8",52.327408,52.328,LFC,true,51.66,172.2,0.0
"gen-7422-9",52.327408,52.328,LFC,true,51.66,172.2,0.0
"gen-7428-1",30.549658,30.55,LFC,true,30.16,100.52,0.0
"gen-7428-10",39.50456,39.505,LFC,true,39.0,130.0,0.0
"gen-7428-11",39.50456,39.505,LFC,true,39.0,130.0,0.0
"gen-7428-2",30.549658,30.55,LFC,true,30.16,100.52,0.0
"gen-7428-3",30.549658,30.55,LFC,true,30.16,100.52,0.0
"gen-7428-4",30.549658,30.55,LFC,true,30.16,100.52,0.0
"gen-7428-5",30.549658,30.55,LFC,true,30.16,100.52,0.0
"gen-7428-6",30.549658,30.55,LFC,true,30.16,100.52,0.0
"gen-7428-7",22.790743,22.791,LFC,true,22.5,75.0,0.0
"gen-7428-8",0.0,0.0,OFF,false,24.3,81.0,0.0
"gen-7428-9",3.5549603,3.555,LFC,true,3.51,11.7,0.0
"gen-8024-1",32.999847,33.0,LFC,true,13.2,44.0,0.0
"gen-8033-1",0.0,0.0,OFF,false,70.48,234.93,0.0
"gen-8034-1",0.0,0.0,OFF,false,70.48,234.93,0.0
"gen-8035-1",0.0,0.0,OFF,false,70.48,234.93,0.0
"gen-8036-1",0.0,0.0,OFF,false,70.48,234.93,0.0
"gen-8046-1",172.18741,172.188,LFC,true,51.8,172.67,0.0
"gen-8047-1",0.0,0.0,OFF,false,51.8,172.67,0.0
"gen-8048-1",172.18741,172.188,LFC,true,51.8,172.67,0.0
"gen-8049-1",172.18741,172.188,LFC,true,51.8,172.67,0.0
"gen-8050-1",0.0,0.0,OFF,false,51.8,172.67,0.0
"gen-8051-1",0.0,0.0,OFF,false,51.8,172.67,0.0
"gen-8060-1",0.0,0.0,OFF,false,178.02,593.4,0.0
"gen-8061-1",0.0,0.0,OFF,false,178.02,593.4,0.0
"gen-8070-1",0.0,0.0,OFF,false,277.47,924.9,0.0
"gen-8071-1",922.3139,922.317,LFC,true,277.47,924.9,0.0
"gen-8077-1",234.2432,234.244,LFC,true,70.47,234.9,0.0
"gen-8078-1",234.2432,234.244,LFC,true,70.47,234.9,0.0
"gen-8079-1",234.2432,234.244,LFC,true,70.47,234.9,0.0
"gen-8080-1",234.2432,234.244,LFC,true,70.47,234.9,0.0
"gen-8087-1",0.0,0.0,OFF,false,269.31,897.7,0.0
"gen-8088-1",895.1899,895.193,LFC,true,269.31,897.7,0.0
"gen-8099-1",85.49961,85.5,LFC,true,34.2,114.0,0.0
"gen-8115-1",0.0,0.0,OFF,false,3.0,10.0,0.0
"gen-8116-1",0.0,0.0,OFF,false,105.51,351.7,0.0
"gen-8117-1",227.50781,227.509,LFC,true,105.51,351.7,0.0
"gen-8129-1",658.15466,658.157,LFC,true,198.0,660.0,0.0
"gen-8130-1",658.15466,658.157,LFC,true,198.0,660.0,0.0
"gen-8131-1",658.15466,658.157,LFC,true,198.0,660.0,0.0
"gen-8147-1",0.0,0.0,OFF,false,1.2,4.0,0.0
"gen-8147-2",0.0,0.0,OFF,false,71.79,239.3,0.0
"gen-8152-1",0.0,0.0,OFF,false,6.6,22.0,0.0
"gen-8155-1",0.0,0.0,OFF,false,52.38,174.6,0.0
"gen-8155-2",174.1114,174.112,LFC,true,52.38,174.6,0.0
"gen-8158-1",0.0,0.0,OFF,false,31.5,105.0,0.0
"gen-8158-2",0.0,0.0,OFF,false,29.46,98.2,0.0
